,result,text,clean
0,Positive,"@yusuf_dumdum Saya berpikir positif saja....  Dimana ada ganjar kenapa disitu ada jokowi?"" Berarti bapak Ganjar yang di cintai rakyat Indonesia dan semoga bapak Ganjar Pranowo dan bapak Mahfud MD menjadi Presiden &amp  Wakil Presiden Republik Indonesia 2024ğŸ‡²ğŸ‡¨â¤ï¸""", yusuf_dumdum saya berpikir positif saja dimana ada ganjar kenapa disitu ada jokowi berarti bapak ganjar yang di cintai rakyat indonesia dan semoga bapak ganjar pranowo dan bapak mahfud md menjadi presiden amp wakil presiden republik indonesia 
1,Negative,"@narkosun Penjilat Ganjar emang beda, memang benar kata Anies, pendukung itu cerminan yg didukung, penghianat kek Ganjar ya memang harus didukung penghianat macam kalian, klop.   https://t.co/6wsIUJjl9K", narkosun penjilat ganjar emang beda memang benar kata anies pendukung itu cerminan yg didukung penghianat kek ganjar ya memang harus didukung penghianat macam kalian klop 
2,Neutral,@KATADATAcoid tetap setia dukung ganjar mahfud, katadatacoid tetap setia dukung ganjar mahfud
3,Negative,"@pipieoo6 @Dennysiregar7 OMONG KOSONG, 10tahunan rezim teror kebo mana ada lagi rakyat percaya, bagi-2 sembako mana sekarang, dana para kebo sudah mulai menyusut ya saat bohir kabur mencret ganjar keokğŸ˜‚", pipieoo dennysiregar omong kosong tahunan rezim teror kebo mana ada lagi rakyat percaya bagi sembako mana sekarang dana para kebo sudah mulai menyusut ya saat bohir kabur mencret ganjar keok 
4,Positive,"@jpnncom mantap pak ğŸ’— semangat menegakkan hukum di Indonesia, Ganjar-Mahfud pasti menang ğŸŒ·", jpnncom mantap pak semangat menegakkan hukum di indonesia ganjar mahfud pasti menang 
5,Neutral,@gorunbiraz3 @PDIPerjuangan @jokowi @erwinaksa_id @PartaiSocmed @Mr_As_Opal @tijabar @BosPurwa Mending dari dulu ganjar yg jadi presiden, gorunbiraz pdiperjuangan jokowi erwinaksa_id partaisocmed mr_as_opal tijabar bospurwa mending dari dulu ganjar yg jadi presiden
6,Negative,"@icikiwir_08 @Wadas_Melawan Liat nih narasi pendukung 02...sama sekali tidak punya empati dan niat baik. Lagian wadas itu proyek pusat, ganjar yg pasang badan", icikiwir_ wadas_melawan liat nih narasi pendukung sama sekali tidak punya empati dan niat baik lagian wadas itu proyek pusat ganjar yg pasang badan
7,Positive,Ini data Jawa Tengah dibawah kepemimpinan Pak Ganjar juara dalam hal Provinsi anti korupsi,ini data jawa tengah dibawah kepemimpinan pak ganjar juara dalam hal provinsi anti korupsi
8,Positive,@Melihat_Indo Semakin banyak dukungan dari masyarakat kepada mas Ganjar Pranowo. Good, melihat_indo semakin banyak dukungan dari masyarakat kepada mas ganjar pranowo good
9,Positive,"@Melihat_Indo Sebuah kehormatan bagi pak ganjar, terimakasih untuk masyarakat Kalimantan Timur", melihat_indo sebuah kehormatan bagi pak ganjar terimakasih untuk masyarakat kalimantan timur
10,Positive,Kata Siapa Ganjar-Mahfud Tidak Bisa Meneruskan Pemerintahan Jokowi.  Pilihan Tepat Untuk Menyelamatkan Bangsa &amp  Negara ini Ya Pilih @ganjarpranowo &amp  @mohmahfudmd .  Jayalah Negriku Jayalah Bangsaku Salam Bhineka Tunggal Ika #GasssGanjarMahfud,kata siapa ganjar mahfud tidak bisa meneruskan pemerintahan jokowi pilihan tepat untuk menyelamatkan bangsa amp negara ini ya pilih ganjarpranowo amp mohmahfudmd jayalah negriku jayalah bangsaku salam bhineka tunggal ika gasssganjarmahfud
11,Neutral,@NanangAR1f1n Alam Ganjar memberikan inspirasi kepada generasi muda Makassar untuk berani bermimpi besar @eomoniee_  AlamJelajahSulsel, nanangar n alam ganjar memberikan inspirasi kepada generasi muda makassar untuk berani bermimpi besar eomoniee_ alamjelajahsulsel
12,Positive,@Melihat_Indo Masyaallah luar biasa pak Ganjar bisa langsung di angkat sebagai warga kehormatan, melihat_indo masyaallah luar biasa pak ganjar bisa langsung di angkat sebagai warga kehormatan
13,Positive,@Melihat_Indo Emg pantas pak ganjar mendapatkan kehormatan dari adat karna kecintaanya terhadap kebinekaan, melihat_indo emg pantas pak ganjar mendapatkan kehormatan dari adat karna kecintaanya terhadap kebinekaan
14,Neutral,@sukardiyahya162 @psi_id @ganjarpranowo 75% publik ini pendukung Ganjar semua ??!! Wah Amiinn .. makasi udah di doakan https://t.co/jiMqdXZPvX, sukardiyahya psi_id ganjarpranowo publik ini pendukung ganjar semua wah amiinn makasi udah di doakan 
15,Positive,@ganjarpranowo wah Pak Ganjar dekat banget dengan rakyat dari berbagai latar belakang, ganjarpranowo wah pak ganjar dekat banget dengan rakyat dari berbagai latar belakang
16,Negative,"@HusinShihab Aneh juga, Ganjar melanjutkan Jokowi tapi nyatakan Indonesia tidak baik-baik ğŸ˜‚", husinshihab aneh juga ganjar melanjutkan jokowi tapi nyatakan indonesia tidak baik baik 
17,Neutral,Ganjar Pranowo menegaskan lokalitas budaya tidak boleh diabaikan. #GanjarMahfud2024 https://t.co/NWTQANwRVi,ganjar pranowo menegaskan lokalitas budaya tidak boleh diabaikan ganjarmahfud 
18,Neutral,Pakaian adat menghias Pak Ganjar Pranowo sebagai warga kehormatan adat Dayak Kenyah Kalimantan Timur.  Gaspol Ganjar-Mahfud âœŠï¸ğŸ¤ŸğŸ‡²ğŸ‡¨ #SahabatGanjar  #GanjarMahfud2024 https://t.co/z1b3BUaqJn,pakaian adat menghias pak ganjar pranowo sebagai warga kehormatan adat dayak kenyah kalimantan timur gaspol ganjar mahfud sahabatganjar ganjarmahfud 
19,Neutral,@kumparan 2024 all in ganjar Mahfud untuk Indonesia maju, kumparan all in ganjar mahfud untuk indonesia maju
20,Neutral,Ganjar Pranowo mendorong adanya pemberian pendidikan yang mendasar terkait lingkungan hidup yang dimulai sejak dini. #GanjarMahfud2024 https://t.co/g51kjlrjtB,ganjar pranowo mendorong adanya pemberian pendidikan yang mendasar terkait lingkungan hidup yang dimulai sejak dini ganjarmahfud 
21,Neutral,@jjaemonade_ @kegblgnunfaedh Haha  nuhun abi seuri isuk isuk, jjaemonade_ kegblgnunfaedh haha nuhun abi seuri isuk isuk
22,Neutral,Prabs bisa joget gemoy.  Ganjar:,prabs bisa joget gemoy ganjar 
23,Neutral,"@icikiwir_08 @Wadas_Melawan Ini sebenarnya tanggung jawab dari pemerintah pusat dan Ganjar Pranowo. Di Wadas itu projek strategis nasional (PSN), begitu pula yang terjadi di Rembang.", icikiwir_ wadas_melawan ini sebenarnya tanggung jawab dari pemerintah pusat dan ganjar pranowo di wadas itu projek strategis nasional psn begitu pula yang terjadi di rembang 
24,Positive,@ganjarpranowo Alhamdulillah program ini akan terus bisa berjalan bersama pak ganjar, ganjarpranowo alhamdulillah program ini akan terus bisa berjalan bersama pak ganjar
25,Neutral,"Ganjar Pranowo dinobatkan sebagai warga kehormatan, oleh suku adat Dayak Kalimantan Timur. #GanjarMahfud2024 https://t.co/e81kwOn9wF",ganjar pranowo dinobatkan sebagai warga kehormatan oleh suku adat dayak kalimantan timur ganjarmahfud 
26,Positive,@NanangAR1f1n Pesan positif Alam Ganjar menciptakan gelombang optimisme di kalangan generasi muda Makassar @dinothesun  AlamJelajahSulsel, nanangar n pesan positif alam ganjar menciptakan gelombang optimisme di kalangan generasi muda makassar dinothesun alamjelajahsulsel
27,Positive,@ganjarpranowo Mantap gasspool pa Ganjar, ganjarpranowo mantap gasspool pa ganjar
28,Negative,@Kanjeng2022 Pendukung ganjar memalukan, kanjeng pendukung ganjar memalukan
29,Negative,"@tempodotco nah sudah komen orang ini, berarti fix ini cuma drama kubu ganjar ya", tempodotco nah sudah komen orang ini berarti fix ini cuma drama kubu ganjar ya
30,Neutral,@Dennysiregar7 Transparansi dan partisipasi masyarakat menjadi landasan pemerintahan Ganjar yang demokratis., dennysiregar transparansi dan partisipasi masyarakat menjadi landasan pemerintahan ganjar yang demokratis 
31,Neutral,"Hari kesepuluh kampanye, Ganjar Pranowo sambangi IKN https://t.co/tjAXXlkxbN",hari kesepuluh kampanye ganjar pranowo sambangi ikn 
32,Positive,@ganjarpranowo Rakyat tau kok pak ganjar adalah sosok yg pas buat indonesiaa, ganjarpranowo rakyat tau kok pak ganjar adalah sosok yg pas buat indonesiaa
33,Neutral,@Dennysiregar7 Komitmen Ganjar terhadap pembangunan berkelanjutan menginspirasi banyak pihak., dennysiregar komitmen ganjar terhadap pembangunan berkelanjutan menginspirasi banyak pihak 
34,Neutral,Ganjar Pranowo mendorong adanya pengembalian fungsi Bulog untuk mewujudkan adanya stabilisasi terhadap harga bahan pokok di Indonesia. #GanjarMahfud2024 https://t.co/S0YmjGEZXF,ganjar pranowo mendorong adanya pengembalian fungsi bulog untuk mewujudkan adanya stabilisasi terhadap harga bahan pokok di indonesia ganjarmahfud 
35,Neutral,"@Ganjar_Mahfud03 @GaweiPeniel Itulah Tweet nya para kadrun  , saya tdk suka bully an begitu walau saya gak dukung Prabowo- Gibran â˜ºâ˜ºâ˜ºâ˜º", ganjar_mahfud gaweipeniel itulah tweet nya para kadrun saya tdk suka bully an begitu walau saya gak dukung prabowo gibran 
36,Negative,@henrysubiakto bukannya kebalik..siapa yg selama ini menyerang jokowi sekeluarga dan prabowo? sampai megawati mengingatkan kader dan pendukungnya tdk terus2an menyerang jokowi..mungkin melihat suara ganjar semakin anjlok.jd pura2 baik sok bela jokowi., henrysubiakto bukannya kebalik siapa yg selama ini menyerang jokowi sekeluarga dan prabowo sampai megawati mengingatkan kader dan pendukungnya tdk terus an menyerang jokowi mungkin melihat suara ganjar semakin anjlok jd pura baik sok bela jokowi 
37,Negative,Rakyat yg mana ? Rakyat pendukung Ganjar ? Jgn ente generalisasikan orang yg emang tidak suka @psi_id karena tidak mendukung @ganjarpranowo lalu ente klaim sbg rakyat bangsa ini ! Jgn menggeneralisasi suatu masalah dgn logika sempit ente ! Berilah rakyat edukasi politik yg baik !,rakyat yg mana rakyat pendukung ganjar jgn ente generalisasikan orang yg emang tidak suka psi_id karena tidak mendukung ganjarpranowo lalu ente klaim sbg rakyat bangsa ini jgn menggeneralisasi suatu masalah dgn logika sempit ente berilah rakyat edukasi politik yg baik 
38,Positive,@NanangAR1f1n Keberhasilan Alam Ganjar adalah contoh teladan bagi para pemuda yang ingin berprestasi di Makassar @ecalalapo  AlamJelajahSulsel, nanangar n keberhasilan alam ganjar adalah contoh teladan bagi para pemuda yang ingin berprestasi di makassar ecalalapo alamjelajahsulsel
39,Positive,@ganjarpranowo Pak ganjar tetap idola deh buat emak2 semoga harga2 sembako lekas stabil, ganjarpranowo pak ganjar tetap idola deh buat emak semoga harga sembako lekas stabil
40,Neutral,"@ganjarpranowo Perhatian pada petani dan pedagang, Terima kasih Pak Ganjar", ganjarpranowo perhatian pada petani dan pedagang terima kasih pak ganjar
41,Positive,"@kangdede78 Logical fallacy paling gibran alias odong2. Ganjar punya modal keluarga yg luarbiasa, istri dan anak yg cerdas, cemerlang dan beradab, tidak gibran dan tidak planga-plongo. Itu alasannya kenapa ikut bantu kampanye di tempat yg berbeda.", kangdede logical fallacy paling gibran alias odong ganjar punya modal keluarga yg luarbiasa istri dan anak yg cerdas cemerlang dan beradab tidak gibran dan tidak planga plongo itu alasannya kenapa ikut bantu kampanye di tempat yg berbeda 
42,Negative,"@Miduk17 Intinya... Capres untuk kali ini hanya GANJAR - MAHFUD lah yang paling Clear and Clean...  Selain itu.. NKRI akan jalan ditempat, kalau tidak mundur seperti jaman Orba.  Berpikir lah sedikit cerdas, jangan terlalu lugu.", miduk intinya capres untuk kali ini hanya ganjar mahfud lah yang paling clear and clean selain itu nkri akan jalan ditempat kalau tidak mundur seperti jaman orba berpikir lah sedikit cerdas jangan terlalu lugu 
43,Negative,@Kanjeng2022 Memalukan pendukung ganjar, kanjeng memalukan pendukung ganjar
44,Neutral,@aan_muba all in pak Ganjar PranowoğŸ¤Ÿ, aan_muba all in pak ganjar pranowo 
45,Neutral,"Capres nomor urut 3, Ganjar Pranowo mendorong adanya stabilisasi produksi dan pemanfaatan data untuk menstabilkan harga bahan pokok di Indonesia. #GanjarMahfud2024 https://t.co/Gqr7TFy0bO",capres nomor urut ganjar pranowo mendorong adanya stabilisasi produksi dan pemanfaatan data untuk menstabilkan harga bahan pokok di indonesia ganjarmahfud 
46,Negative,"@tvOneNews Atas dasar apa mereka bergabung dengan prabowo gibran, padahal itu wadas proyek pusat, sama saja proyek Jokowi, hanya karena itu di wilayah ganjar bukan berarti itu tanggung jawabnya sepenuhnya.  Berarti mereka ini pendukung pesanan ya?", tvonenews atas dasar apa mereka bergabung dengan prabowo gibran padahal itu wadas proyek pusat sama saja proyek jokowi hanya karena itu di wilayah ganjar bukan berarti itu tanggung jawabnya sepenuhnya berarti mereka ini pendukung pesanan ya 
47,Positive,@ganjarpranowo Langkah pak ganjar dalam penanganan emang gaperlu diragukan lagi ya insyaallah berjalan dengan lancar dah membuat harga sembako lebih stabil, ganjarpranowo langkah pak ganjar dalam penanganan emang gaperlu diragukan lagi ya insyaallah berjalan dengan lancar dah membuat harga sembako lebih stabil
48,Positive,@ganjarpranowo Sosok seperti pak ganjar yg cocok pimpin indonesia ğŸ¥°, ganjarpranowo sosok seperti pak ganjar yg cocok pimpin indonesia 
49,Positive,@ganjarpranowo Enggak heran dong pak Ganjar selalu mendengarkan aspirasi masyarakat, ganjarpranowo enggak heran dong pak ganjar selalu mendengarkan aspirasi masyarakat
50,Neutral,Padahal Uchiha Ganjar dan Uchiha Koster bisa prediksi masa depan pake sherlinggan mereka makanya nolak,padahal uchiha ganjar dan uchiha koster bisa prediksi masa depan pake sherlinggan mereka makanya nolak
51,Neutral,Ganjar Pranowo Diangkat Jadi Warga Kehormatan Adat Dayak Kenyah https://t.co/fgh7YsfYcb,ganjar pranowo diangkat jadi warga kehormatan adat dayak kenyah 
52,Neutral,"@Melihat_Indo Inovasi terus berkembang di bawah kepemimpinan Ganjar, membawa solusi kreatif untuk perkembangan daerah.", melihat_indo inovasi terus berkembang di bawah kepemimpinan ganjar membawa solusi kreatif untuk perkembangan daerah 
53,Neutral,@Dennysiregar7 2024 semoga Pak Ganjar menjadi presiden untuk membenahi demokrasi yang rusak, dennysiregar semoga pak ganjar menjadi presiden untuk membenahi demokrasi yang rusak
54,Positive,Semangat selalu pak Ganjar dukungan terus mengalir untuk kemenangan Ganjar Mahfud,semangat selalu pak ganjar dukungan terus mengalir untuk kemenangan ganjar mahfud
55,Positive,@ganjarpranowo Keren banget sih pak ganjar emang, ganjarpranowo keren banget sih pak ganjar emang
56,Positive,@ganjarpranowo Keren banget program pak Ganjar mah enggak perlu diragukan lagi, ganjarpranowo keren banget program pak ganjar mah enggak perlu diragukan lagi
57,Positive,@ganjarpranowo Luar biasa ni antusias para pedagang menyambut kedatangan pak ganjar bersama pak ganjar harga sembako insyaallah akan di stabilisasi, ganjarpranowo luar biasa ni antusias para pedagang menyambut kedatangan pak ganjar bersama pak ganjar harga sembako insyaallah akan di stabilisasi
58,Positive,@Melihat_Indo Dimana pun pak Ganjar berada selalu mendapatkan dukungan dan kehormatan selamat ya pak Ganjar orang baik akan selalu di terima dengan baik ., melihat_indo dimana pun pak ganjar berada selalu mendapatkan dukungan dan kehormatan selamat ya pak ganjar orang baik akan selalu di terima dengan baik 
59,Positive,@ganjarpranowo Hanya program dan visi misi dari Pak Ganjar lah yang terlihat rasional, ganjarpranowo hanya program dan visi misi dari pak ganjar lah yang terlihat rasional
60,Positive,@ganjarpranowo Saya akan selalu mendukung dan percaya kepada pak ganjar, ganjarpranowo saya akan selalu mendukung dan percaya kepada pak ganjar
61,Neutral,@RizkiR4madani PagiğŸ¤Ÿ, rizkir madani pagi 
62,Positive,@NanangAR1f1n Keberanian Alam Ganjar membuktikan bahwa batas usia bukanlah halangan untuk meraih kesuksesan @doyoktana  AlamJelajahSulsel, nanangar n keberanian alam ganjar membuktikan bahwa batas usia bukanlah halangan untuk meraih kesuksesan doyoktana alamjelajahsulsel
63,Positive,@ganjarpranowo Pak ganjar adalah pilihan terbaik untuk negara Indonesia kita, ganjarpranowo pak ganjar adalah pilihan terbaik untuk negara indonesia kita
64,Positive,@ganjarpranowo Alhamdulillah program program pak Ganjar terus berjalan, ganjarpranowo alhamdulillah program program pak ganjar terus berjalan
65,Negative,@kangdede78 https://t.co/v3ej5S2KZ1  Dari pada loe Jelekin Pa Ganjar...   Loe coba tanggapi deh yg iniğŸ™ğŸ»  Narasi perubahan itu banyak juga di senangi masyarakat loh Pak Komisaris  https://t.co/v3ej5S2KZ1, kangdede dari pada loe jelekin pa ganjar loe coba tanggapi deh yg ini narasi perubahan itu banyak juga di senangi masyarakat loh pak komisaris 
66,Neutral,@ganjarpranowo Kiita emang butuh sosok pemimpin yg seperti pak ganjar ğŸ¥°, ganjarpranowo kiita emang butuh sosok pemimpin yg seperti pak ganjar 
67,Neutral,@Dennysiregar7 Ayo pilih Pak Ganjar agar konstitusi tegak lurus kembali, dennysiregar ayo pilih pak ganjar agar konstitusi tegak lurus kembali
68,Positive,@ganjarpranowo Indonesia akan menuju masa kejayaan dengan pak ganjar, ganjarpranowo indonesia akan menuju masa kejayaan dengan pak ganjar
69,Positive,@tvOneNews Wah mantap nih program pak Ganjar - Mahfud, tvonenews wah mantap nih program pak ganjar mahfud
70,Positive,"100% ğŸ‘            TERIMA KASIH ""  SELURUH  WARGA MASYARAKAT  KALIMANTAN TIMUR  ATAS  DUKUNGAN NYA  KEPADA  PAK GANJAR PRANOWO  PAK MAHFUD MD""", terima kasih seluruh warga masyarakat kalimantan timur atas dukungan nya kepada pak ganjar pranowo pak mahfud md 
71,Negative,"@StefanAntonio__ @sigitwid @mulfridasirait Anda ngetik begitu krn dia bukan wakil Ganjar toh ğŸ™ƒ, dan krn bapaknya belain jagoan anda ğŸ™ƒ.....", stefanantonio__ sigitwid mulfridasirait anda ngetik begitu krn dia bukan wakil ganjar toh dan krn bapaknya belain jagoan anda 
72,Positive,@ganjarpranowo Mantap pak Ganjar mahfud Gaaspool, ganjarpranowo mantap pak ganjar mahfud gaaspool
73,Positive,@ganjarpranowo Emang terbaik sih pak ganjar selalu mengerti rakyat ğŸ¥°, ganjarpranowo emang terbaik sih pak ganjar selalu mengerti rakyat 
74,Neutral,@Melihat_Indo InsyaAllah pak ganjar dapat suara banyak dari luar pulau Jawa, melihat_indo insyaallah pak ganjar dapat suara banyak dari luar pulau jawa
75,Negative,"@are_inismyname Keinginan IKN sdh ada sejak Soekarno apalagi sekarang sdh ada UUnya. Setiap Presiden terpilih wajib lanjutkan IKN. Dari awal Ganjar komitmen lanjutkan IKN. Komitmen melaksanakan UU knp harus jilat ludah sendiri??? Lanjutkan yg baik, benahi yg salah.", are_inismyname keinginan ikn sdh ada sejak soekarno apalagi sekarang sdh ada uunya setiap presiden terpilih wajib lanjutkan ikn dari awal ganjar komitmen lanjutkan ikn komitmen melaksanakan uu knp harus jilat ludah sendiri lanjutkan yg baik benahi yg salah 
76,Positive,@NanangAR1f1n Setiap prestasi Alam Ganjar adalah bukti bahwa tidak ada batasan untuk mewujudkan impian @EchanBears  AlamJelajahSulsel, nanangar n setiap prestasi alam ganjar adalah bukti bahwa tidak ada batasan untuk mewujudkan impian echanbears alamjelajahsulsel
77,Positive,@ganjarpranowo Indonesia pastinya akan jauh lebih maju karena pak ganjar, ganjarpranowo indonesia pastinya akan jauh lebih maju karena pak ganjar
78,Positive,@Melihat_Indo Semakin banyak dukungan pastinya banyak masyarakat yang mendukung Apalagi setelah Pak Ganjar diangkat sebagai warga kehormatan oleh suku adat Dayak, melihat_indo semakin banyak dukungan pastinya banyak masyarakat yang mendukung apalagi setelah pak ganjar diangkat sebagai warga kehormatan oleh suku adat dayak
79,Neutral,@ganjarpranowo Pemimpin solutif yang kami nantikan. Ada pada pak Ganjar Pranowo, ganjarpranowo pemimpin solutif yang kami nantikan ada pada pak ganjar pranowo
80,Negative,"@Anak__Ogi Suharto sukses yg dihancurkan PKI tak bertuhan.   Yg kali ini salah sasaran, krn Siapa Ganjar, dia menantu kiyai. Gunakan black campaign apapun nggak bakalan tembus. Apalagi dialamatkan thd ibu Atiqah isteri Ganjar, yg nota bene anak Kiyai.   Nggak tahu kl ibu suri yg disana itu", anak__ogi suharto sukses yg dihancurkan pki tak bertuhan yg kali ini salah sasaran krn siapa ganjar dia menantu kiyai gunakan black campaign apapun nggak bakalan tembus apalagi dialamatkan thd ibu atiqah isteri ganjar yg nota bene anak kiyai nggak tahu kl ibu suri yg disana itu
81,Positive,@ganjarpranowo Masyarakat Indonesia pastinya akan terus mendukung pak ganjar, ganjarpranowo masyarakat indonesia pastinya akan terus mendukung pak ganjar
82,Positive,@Melihat_Indo Luar bisa sekali pak Ganjar dapat kehormatan dari suku adat dayak selamat nggeh pak .., melihat_indo luar bisa sekali pak ganjar dapat kehormatan dari suku adat dayak selamat nggeh pak 
83,Positive,@tvOneNews Mantap nih pak Ganjar sowan ke kesultanan, tvonenews mantap nih pak ganjar sowan ke kesultanan
84,Positive,@ganjarpranowo Pak Ganjar selalu punya cara asik untuk mendengarkan aspirasi kita, ganjarpranowo pak ganjar selalu punya cara asik untuk mendengarkan aspirasi kita
85,Neutral,@officialinews_ rakyat siap kawal Ganjar mahfud ğŸ¤Ÿ, officialinews_ rakyat siap kawal ganjar mahfud 
86,Neutral,@Dennysiregar7 Semoga di kepemimpinan Pak Ganjar nanti demokrasi kembali stabil, dennysiregar semoga di kepemimpinan pak ganjar nanti demokrasi kembali stabil
87,Positive,@ganjarpranowo Wah senang sekali melihat program pak Ganjar yang mengubah kita ke depannya, ganjarpranowo wah senang sekali melihat program pak ganjar yang mengubah kita ke depannya
88,Neutral,@tvOneNews Bismillah menang pak Ganjar - MahfudğŸ”¥ğŸ”¥ğŸ”¥, tvonenews bismillah menang pak ganjar mahfud 
89,Neutral,"@SINDOnews @ganjarpranowo Teruntuk bapak Ganjar tetap maju jangan goyah pak,kami akan selalu kawal dan dukung GaMa untuk Indonesia ğŸ”¥", sindonews ganjarpranowo teruntuk bapak ganjar tetap maju jangan goyah pak kami akan selalu kawal dan dukung gama untuk indonesia 
90,Neutral,"@ganjarpranowo Pertemuan yang membuka solusi, Diskusi bersama Ganjar Pranowo.", ganjarpranowo pertemuan yang membuka solusi diskusi bersama ganjar pranowo 
91,Positive,@ganjarpranowo Interaksi manis pak ganjar dengan masyarakat sangat keren, ganjarpranowo interaksi manis pak ganjar dengan masyarakat sangat keren
92,Negative,"@temanduit @deddysitorus @jokowi @puanmaharani_ri Ya itu,, gegara GIBRAN menolak pinangan @puanmaharani_ri   Jadi tidak heran jika @deddysitorus  kader @PDI_Perjuangan teriak teriak seperti cacing tanah yg kehilangan kepala  Itu semua akibat kesombongan Mega dan Kejahatan GANJAR PEMBAWA SIAL PDIP serta para Buzzer Sendiri", temanduit deddysitorus jokowi puanmaharani_ri ya itu gegara gibran menolak pinangan puanmaharani_ri jadi tidak heran jika deddysitorus kader pdi_perjuangan teriak teriak seperti cacing tanah yg kehilangan kepala itu semua akibat kesombongan mega dan kejahatan ganjar pembawa sial pdip serta para buzzer sendiri
93,Positive,@NanangAR1f1n Keberhasilan Alam Ganjar menjadi inspirasi positif bagi anak-anak muda Makassar yang bermimpi besar @DinosaurId  AlamJelajahSulsel, nanangar n keberhasilan alam ganjar menjadi inspirasi positif bagi anak anak muda makassar yang bermimpi besar dinosaurid alamjelajahsulsel
94,Positive,@Melihat_Indo semoga pak ganjar bisa terus berkunjung ke sini nantinya yaa pak, melihat_indo semoga pak ganjar bisa terus berkunjung ke sini nantinya yaa pak
95,Neutral,@ganjarpranowo Dinanti solusi pak Ganjar. Semoga m3nang, ganjarpranowo dinanti solusi pak ganjar semoga nang
96,Neutral,"Coba kalo ini diterapin di indo, ganjar plonga plongo #ganja",coba kalo ini diterapin di indo ganjar plonga plongo ganja
97,Positive,"@ganjarpranowo Aminn,, Semoga sukses untuk pak Ganjar Pranowo.", ganjarpranowo aminn semoga sukses untuk pak ganjar pranowo 
98,Neutral,@Melihat_Indo Prosesi penyematan Ganjar Pranowo sebagai warga kehormatan Suku Adat Dayak Kalimantan Timur dilakukan secara sakral, melihat_indo prosesi penyematan ganjar pranowo sebagai warga kehormatan suku adat dayak kalimantan timur dilakukan secara sakral
99,Positive,@ganjarpranowo Pak ganjar pasti akan  menjadi presiden yang sangat hebat, ganjarpranowo pak ganjar pasti akan menjadi presiden yang sangat hebat
100,Neutral,@kumparan Menangkan Ganjar mahfuddğŸ¤ŸğŸ¤ŸğŸ¤Ÿ, kumparan menangkan ganjar mahfudd 
101,Neutral,@Ganjar_Mahfud03 Pagi juga @Ganjar_Mahfud03 â˜•â˜•â¤, ganjar_mahfud pagi juga ganjar_mahfud 
102,Negative,"@Chaves1305 Pada panik pendukungnya anis ganjar, ya memang tidak ada.dari mutiara Annisa gede dan zinedine alam gede juga gak adağŸ˜€ğŸ¤£ğŸ˜ğŸ˜†", chaves pada panik pendukungnya anis ganjar ya memang tidak ada dari mutiara annisa gede dan zinedine alam gede juga gak ada 
103,Positive,@ganjarpranowo Dengan kebaikan pak ganjar masyarakat akan terus mendukung beliau, ganjarpranowo dengan kebaikan pak ganjar masyarakat akan terus mendukung beliau
104,Neutral,"@Chaves1305 Anies dan ganjar kampanye mulai 28 November 2023 , kalau prabowo kampanye mulai 2 juni 2009 ğŸ˜ğŸ˜ğŸ˜", chaves anies dan ganjar kampanye mulai november kalau prabowo kampanye mulai juni 
105,Positive,@ganjarpranowo Alhamdulillah warga masyarakat senang menyambut  pa ganjar, ganjarpranowo alhamdulillah warga masyarakat senang menyambut pa ganjar
106,Neutral,"@Kanseulir Wapresnya muhaimin, kader NU... Caprenya ganjar, doyan nonton bokeppp...ğŸ¤­ğŸ¤­ğŸ¤­ğŸ¤­ğŸ¤­ğŸ¤­ğŸ¤­  Wiss angelll....ğŸ˜‚ğŸ˜„ğŸ˜‚ğŸ˜„ğŸ˜‚ğŸ˜„", kanseulir wapresnya muhaimin kader nu caprenya ganjar doyan nonton bokeppp wiss angelll 
107,Neutral,"@BerrySilalahi65 @PDI_Perjuangan Kata pendukung Ganjar ini, kok debat tvone semalam adalah persyaratan KPU, apa benar Lae @deddysitorus ?", berrysilalahi pdi_perjuangan kata pendukung ganjar ini kok debat tvone semalam adalah persyaratan kpu apa benar lae deddysitorus 
108,Positive,@ganjarpranowo Mantap apk ganjar pemimpin yang dibutuhkan semua kalangan masyarakat mengerti apa yg jadi kebutuhan masyarakat, ganjarpranowo mantap apk ganjar pemimpin yang dibutuhkan semua kalangan masyarakat mengerti apa yg jadi kebutuhan masyarakat
109,Positive,"@NanangAR1f1n Alam Ganjar, bukan hanya bintang bisnis, tapi juga pembawa semangat positif bagi pemuda Makassar @doyoungqi  AlamJelajahSulsel", nanangar n alam ganjar bukan hanya bintang bisnis tapi juga pembawa semangat positif bagi pemuda makassar doyoungqi alamjelajahsulsel
110,Neutral,"@Dennysiregar7 Dukungan untuk Ganjar Mahfud semakin banyak, maju terus sampai menang", dennysiregar dukungan untuk ganjar mahfud semakin banyak maju terus sampai menang
111,Positive,@ganjarpranowo Masya Allah bangga banget bisa dukung pak Ganjar dekat dengan masyarakat, ganjarpranowo masya allah bangga banget bisa dukung pak ganjar dekat dengan masyarakat
112,Positive,@ganjarpranowo Keren banget pak ganjar yang turun secara langsung ke dalam masyarakat, ganjarpranowo keren banget pak ganjar yang turun secara langsung ke dalam masyarakat
113,Positive,@Melihat_Indo Diangkat sebagai warga kehormatan nih bener2 suatu kehormatan tersendiri buat oak ganjar sih ya, melihat_indo diangkat sebagai warga kehormatan nih bener suatu kehormatan tersendiri buat oak ganjar sih ya
114,Positive,@ganjarpranowo Indonesia pasti bakal lebih besar dan maju dengan adanya pak ganjar, ganjarpranowo indonesia pasti bakal lebih besar dan maju dengan adanya pak ganjar
115,Negative,"@cryptgems1000x Banyak orang SONGONG bilang buat apa pilih Ganjar? All in Ganjar buat jadi ktua rt, nyadar gak yang mau lo pilih tu siapa klo selain Ganjar Mahfud yg berpengalaman, Prabowo jelas mengerikan tapi wakilnya kek gitu ga punya kredibilitas jg buat apa? Cuma buat makan gaji buta?""", cryptgems banyak orang songong bilang buat apa pilih ganjar all in ganjar buat jadi ktua rt nyadar gak yang mau lo pilih tu siapa klo selain ganjar mahfud yg berpengalaman prabowo jelas mengerikan tapi wakilnya kek gitu ga punya kredibilitas jg buat apa cuma buat makan gaji buta 
116,Positive,"@Melihat_Indo Selamat kepada Pak Ganjar! Kepercayaan dari Suku Adat Dayak bukan hanya sekadar penghargaan, tapi juga cerminan kesuksesan kepemimpinan yang inklusif dan mendukung berbagai kepentingan masyarakat. Sukses terus, Pak Ganjar!", melihat_indo selamat kepada pak ganjar kepercayaan dari suku adat dayak bukan hanya sekadar penghargaan tapi juga cerminan kesuksesan kepemimpinan yang inklusif dan mendukung berbagai kepentingan masyarakat sukses terus pak ganjar 
117,Positive,@Melihat_Indo Hebatnya Pak Ganjar bisa mendapat dukungan dari Kalimantan Timur. Ini menunjukkan bahwa kebijakan dan kepemimpinannya benar-benar diapresiasi oleh beragam lapisan masyarakat. Selamat atas penghargaannya!, melihat_indo hebatnya pak ganjar bisa mendapat dukungan dari kalimantan timur ini menunjukkan bahwa kebijakan dan kepemimpinannya benar benar diapresiasi oleh beragam lapisan masyarakat selamat atas penghargaannya 
118,Positive,@PDI_Perjuangan Adem bgt liat bu Atikoh..semoga lancar debatnya buat pak Ganjar dan pak Mahfud ğŸ¤ŸğŸ¤Ÿ, pdi_perjuangan adem bgt liat bu atikoh semoga lancar debatnya buat pak ganjar dan pak mahfud 
119,Positive,@ganjarpranowo Semakin yakin pak ganjar yang terbaik untuk perubahan yang lebih baik, ganjarpranowo semakin yakin pak ganjar yang terbaik untuk perubahan yang lebih baik
120,Positive,@Melihat_Indo Mantap! Kehormatan sebagai Warga Kehormatan oleh Suku Adat Dayak menunjukkan bahwa Pak Ganjar dihargai dan diakui oleh masyarakat adat. Semoga bisa terus berkontribusi positif., melihat_indo mantap kehormatan sebagai warga kehormatan oleh suku adat dayak menunjukkan bahwa pak ganjar dihargai dan diakui oleh masyarakat adat semoga bisa terus berkontribusi positif 
121,Positive,@ganjarpranowo Masyarakat sangat terbantu dengan aksi nyata pak ganjar, ganjarpranowo masyarakat sangat terbantu dengan aksi nyata pak ganjar
122,Positive,@ganjarpranowo Sangat bangga dengan pak Ganjar krna mau mendengarkan langsung keluh kesah rakyat, ganjarpranowo sangat bangga dengan pak ganjar krna mau mendengarkan langsung keluh kesah rakyat
123,Neutral,"@Melihat_Indo yang bisa meraih dukungan dari berbagai daerah, termasuk Kalimantan Timur. Selamat ya, Pak Ganjar!", melihat_indo yang bisa meraih dukungan dari berbagai daerah termasuk kalimantan timur selamat ya pak ganjar 
124,Positive,@ganjarpranowo Pak ganjar akan selalu memberikan yang terbaik untuk masyarakat, ganjarpranowo pak ganjar akan selalu memberikan yang terbaik untuk masyarakat
125,Positive,@Melihat_Indo Terima kasih untuk masyarakat Kalimantan Timur yang selalu mendukung pak Ganjar, melihat_indo terima kasih untuk masyarakat kalimantan timur yang selalu mendukung pak ganjar
126,Positive,@ganjarpranowo luar biasa hanya pak ganjar calon pemimpin yang selalu memberikan solusi disetiap permasalahan yang masyarakat alami ga kek kubu sebelah, ganjarpranowo luar biasa hanya pak ganjar calon pemimpin yang selalu memberikan solusi disetiap permasalahan yang masyarakat alami ga kek kubu sebelah
127,Positive,@Melihat_Indo Penyematan gelar warga kehormatan menunjukkan respek mendalam terhadap Ganjar Pranowo., melihat_indo penyematan gelar warga kehormatan menunjukkan respek mendalam terhadap ganjar pranowo 
128,Neutral,@Melihat_Indo Kedewasaan politik Ganjar tercermin dalam dukungan luas dari berbagai lapisan masyarakat., melihat_indo kedewasaan politik ganjar tercermin dalam dukungan luas dari berbagai lapisan masyarakat 
129,Negative,@UmarSyadatHsb__ Mau heran tapi ini lucu... Kedua kubu saling mengejek. Padahal mereka satu koloni. Kadrun kabeh.. ğŸ˜€ Tetap ganjar md, umarsyadathsb__ mau heran tapi ini lucu kedua kubu saling mengejek padahal mereka satu koloni kadrun kabeh tetap ganjar md
130,Positive,@Melihat_Indo Dukungan ini menunjukkan pemahaman Ganjar terhadap keberagaman Indonesia., melihat_indo dukungan ini menunjukkan pemahaman ganjar terhadap keberagaman indonesia 
131,Positive,@Melihat_Indo Langkah Suku Adat Dayak membuktikan bahwa Ganjar Pranowo dihargai sebagai pemimpin yang peduli., melihat_indo langkah suku adat dayak membuktikan bahwa ganjar pranowo dihargai sebagai pemimpin yang peduli 
132,Neutral,@yusuf_dumdum Karena Prabowo bukan Jokowi. GANJAR MAHFUD yang paling tepat melanjutkan Program2 Jokowi., yusuf_dumdum karena prabowo bukan jokowi ganjar mahfud yang paling tepat melanjutkan program jokowi 
133,Positive,"@Melihat_Indo Keren banget, semangat terus untuk pak ganjar", melihat_indo keren banget semangat terus untuk pak ganjar
134,Positive,@Melihat_Indo Ganjar diangkat sebagai warga kehormatan sebagai pengakuan atas kontribusinya yang positif., melihat_indo ganjar diangkat sebagai warga kehormatan sebagai pengakuan atas kontribusinya yang positif 
135,Positive,"@ganjarpranowo Aminn,, Ganjar Mahfud M3nang total 2024. Sehat selalu Pak Ganjar", ganjarpranowo aminn ganjar mahfud nang total sehat selalu pak ganjar
136,Neutral,@Melihat_Indo Sikap inklusif Ganjar tercermin dalam dukungan yang diterimanya dari berbagai komunitas., melihat_indo sikap inklusif ganjar tercermin dalam dukungan yang diterimanya dari berbagai komunitas 
137,Negative,"Tidak usah mendegradasi marwah dan kewibawaan Jokowi sbg presiden dg cara spt itu @GunRomli, makanya staf kepresidenan yg masuk TPN Ganjar segera saja mundur, ngapain jg menteri2nya masih blm mundur jg,  kami curiga akn bnyk drama2 yg memojokan Jokowi. Curiga boleh kan bkn nuduh",tidak usah mendegradasi marwah dan kewibawaan jokowi sbg presiden dg cara spt itu gunromli makanya staf kepresidenan yg masuk tpn ganjar segera saja mundur ngapain jg menteri nya masih blm mundur jg kami curiga akn bnyk drama yg memojokan jokowi curiga boleh kan bkn nuduh
138,Positive,"Kang @GunRomli,  Kampanye ganjar selalu bertepatan dg kunjungan Jokowi, itu aku pribadi dan mungkin masyarakat yg lain curiga ada yg membocorkan jadwal2 Jokowi yg sdh terprogram, lalu diframing Jokowi nginthili kampanye ganjar, rakyat gak bego kang  https://t.co/havXvRA8Wx",kang gunromli kampanye ganjar selalu bertepatan dg kunjungan jokowi itu aku pribadi dan mungkin masyarakat yg lain curiga ada yg membocorkan jadwal jokowi yg sdh terprogram lalu diframing jokowi nginthili kampanye ganjar rakyat gak bego kang 
139,Positive,@NanangAR1f1n Keberhasilan Alam Ganjar membuktikan bahwa perjalanan panjang dimulai dari langkah pertama yang berani @Dinossoll  AlamJelajahSulsel, nanangar n keberhasilan alam ganjar membuktikan bahwa perjalanan panjang dimulai dari langkah pertama yang berani dinossoll alamjelajahsulsel
140,Positive,@Melihat_Indo Keputusan Suku Adat Dayak menegaskan bahwa Ganjar adalah pemimpin yang diterima dengan baik., melihat_indo keputusan suku adat dayak menegaskan bahwa ganjar adalah pemimpin yang diterima dengan baik 
141,Positive,@Melihat_Indo Wahh luar biasa pak Ganjar langsung di angkat sebagai warga kehormatan oleh suku adat dayak, melihat_indo wahh luar biasa pak ganjar langsung di angkat sebagai warga kehormatan oleh suku adat dayak
142,Positive,@Melihat_Indo Dukungan Suku Adat Dayak memperkuat citra Ganjar sebagai pemimpin yang merakyat., melihat_indo dukungan suku adat dayak memperkuat citra ganjar sebagai pemimpin yang merakyat 
143,Neutral,@christiti_26 @Kingcube12 @Chaves1305 Kenapa sakit hati ya karena Gibran tidak jadi cawapres nya Ganjar ? https://t.co/CkJtcQrLmU, christiti_ kingcube chaves kenapa sakit hati ya karena gibran tidak jadi cawapres nya ganjar 
144,Neutral,@hulwatt @mputaku188156 @Dennysiregar7 Pemimpin kita terbaik adalah pak ganjar mahfud, hulwatt mputaku dennysiregar pemimpin kita terbaik adalah pak ganjar mahfud
145,Negative,@kumparan rangkul siapapun itu pak Ganjar sudah tidak salah pilih dah ketika milih pak Ganjar ğŸ¤Ÿ, kumparan rangkul siapapun itu pak ganjar sudah tidak salah pilih dah ketika milih pak ganjar 
146,Positive,@Melihat_Indo Masyarakat semakin yakin untuk dukung Ganjar Mahfud menuju kemenangan, melihat_indo masyarakat semakin yakin untuk dukung ganjar mahfud menuju kemenangan
147,Negative,Banyak yang kayak gitu di Timeline gue. Sok Netral tapi nyerang Ganjar. Para Pemakan Bangkai.,banyak yang kayak gitu di timeline gue sok netral tapi nyerang ganjar para pemakan bangkai 
148,Neutral,"@porosotLeos1 @Dennysiregar7 @psi_id @prabowo @gibran_tweet @ganjarpranowo Itulah mereka... Pingin njatuhin pak ganjar, eh malah dia yg kepleset. Dia nggk tahu kalo kraton jogja itu malati"" nggk bisa dibuat Main2...""", porosotleos dennysiregar psi_id prabowo gibran_tweet ganjarpranowo itulah mereka pingin njatuhin pak ganjar eh malah dia yg kepleset dia nggk tahu kalo kraton jogja itu malati nggk bisa dibuat main 
149,Positive,@Melihat_Indo Wah keren banget ya pak ganjar bisa diangkat jadi warga kehormatan, melihat_indo wah keren banget ya pak ganjar bisa diangkat jadi warga kehormatan
150,Neutral,@devy_casanofa Baaarakallaaah 2024 Ganjar Mahfud presiden wkil presiden NKRI ğŸ¤²ğŸ¤²ğŸ¤²ğŸ¤²ğŸ¤²ğŸ™, devy_casanofa baaarakallaaah ganjar mahfud presiden wkil presiden nkri 
151,Negative,@emerson_yuntho nggak bagus gitu om. kan kasihan dan nggak elok juga ganjar dibilang ganjar bokep., emerson_yuntho nggak bagus gitu om kan kasihan dan nggak elok juga ganjar dibilang ganjar bokep 
152,Positive,@Melihat_Indo Penghargaan yang sangat luar biasa dan membanggakan untuk pak Ganjar, melihat_indo penghargaan yang sangat luar biasa dan membanggakan untuk pak ganjar
153,Neutral,Ganjar serap aspirasi pedagang https://t.co/k85vfDnK6s,ganjar serap aspirasi pedagang 
154,Negative,@Melihat_Indo MasyaAllah makin banyak aja nih yang dukung pak Ganjar, melihat_indo masyaallah makin banyak aja nih yang dukung pak ganjar
155,Negative,"@Chaves1305 Seblum jadi gubernur dan sesudah jadi gubernur ganjar dan anis untuk rakyat tidak ada sama sekali, apalagi untuk negara. Contoh anis dan ganjar gaji gubernur aja di makan sendiri, jadi yg mereka lakukan buat rakyat tidak ada. ğŸ¤£ğŸ˜ğŸ˜›ğŸ˜‚", chaves seblum jadi gubernur dan sesudah jadi gubernur ganjar dan anis untuk rakyat tidak ada sama sekali apalagi untuk negara contoh anis dan ganjar gaji gubernur aja di makan sendiri jadi yg mereka lakukan buat rakyat tidak ada 
156,Neutral,@Chaves1305 Ganjar sudah membuat 1 juta orang miskin menjadi tidak miskin di Jateng dalam 10 tahun, chaves ganjar sudah membuat juta orang miskin menjadi tidak miskin di jateng dalam tahun
157,Positive,Ganjar disambut antusias masyarakat kalimantan https://t.co/zQZLG2sbm6,ganjar disambut antusias masyarakat kalimantan 
158,Neutral,Ganjar diberi slayer manik manik khas kalimantan timur https://t.co/iO1pLQVTC2,ganjar diberi slayer manik manik khas kalimantan timur 
159,Neutral,Ganjar pranowo pernah nonton metalica loh https://t.co/hzDOCh9duF,ganjar pranowo pernah nonton metalica loh 
160,Negative,@AHYS14P Keadilan pasti ada jalannya sendiri....kasihan Pak Ganjar. Buat tameng Pak Lurah, ahys keadilan pasti ada jalannya sendiri kasihan pak ganjar buat tameng pak lurah
161,Neutral,@Melihat_Indo Pilih Ganjar Mahfud aja yg udh pasti, melihat_indo pilih ganjar mahfud aja yg udh pasti
162,Neutral,Ganjar dorong pemanfaatan komoditas tambang https://t.co/KtjuclD5eE,ganjar dorong pemanfaatan komoditas tambang 
163,Negative,"@TheLadyJoker Intinya... Capres untuk kali ini hanya GANJAR - MAHFUD lah yang paling Clear and Clean...  Selain itu.. NKRI akan jalan ditempat, kalau tidak mundur seperti jaman Orba.  Berpikir lah sedikit cerdas, jangan terlalu lugu.", theladyjoker intinya capres untuk kali ini hanya ganjar mahfud lah yang paling clear and clean selain itu nkri akan jalan ditempat kalau tidak mundur seperti jaman orba berpikir lah sedikit cerdas jangan terlalu lugu 
164,Positive,@ganjarpranowo semoga pak ganjar di beri kesehatan di beri kelancaran dalam pemilu smpai bisa jadi presiden amin, ganjarpranowo semoga pak ganjar di beri kesehatan di beri kelancaran dalam pemilu smpai bisa jadi presiden amin
165,Positive,"@mputaku188156 @Melihat_Indo Waw amazinggg banget pak ganjar dimana mana selalu di angkat oleh masyarakat, toko adat setempat keren", mputaku melihat_indo waw amazinggg banget pak ganjar dimana mana selalu di angkat oleh masyarakat toko adat setempat keren
166,Positive,@Melihat_Indo Kita berjuang bersama pak Ganjar untuk lawan politik dinasti, melihat_indo kita berjuang bersama pak ganjar untuk lawan politik dinasti
167,Positive,@Melihat_Indo Semangat untuk pak ganjar dan pak mahfud gaspol kawal terooos, melihat_indo semangat untuk pak ganjar dan pak mahfud gaspol kawal terooos
168,Neutral,Ganjar adalah caores yang mendukung digitalisasi https://t.co/MaQQTjVNMT,ganjar adalah caores yang mendukung digitalisasi 
169,Neutral,@NanangAR1f1n Alam Ganjar menginspirasi pemuda Makassar untuk berani melangkah ke dunia bisnis @eonni__  AlamJelajahSulsel, nanangar n alam ganjar menginspirasi pemuda makassar untuk berani melangkah ke dunia bisnis eonni__ alamjelajahsulsel
170,Neutral,Ganjar dorong peningkatan sdm berdaya saing https://t.co/pyB6yiN1k9,ganjar dorong peningkatan sdm berdaya saing 
171,Positive,@ganjarpranowo demi memberikan solusi buat rakyat pak ganjar rela turun langsung aku suka pak ganjar yg blusukan, ganjarpranowo demi memberikan solusi buat rakyat pak ganjar rela turun langsung aku suka pak ganjar yg blusukan
172,Positive,@Melihat_Indo Ganjar Mahfud untuk Indonesia lebih baik, melihat_indo ganjar mahfud untuk indonesia lebih baik
173,Neutral,Ganjar serap aspirasi soal bbm bersama masyarakat bakikpapan https://t.co/IQYoewAcVR,ganjar serap aspirasi soal bbm bersama masyarakat bakikpapan 
174,Neutral,@mputaku188156 @Melihat_Indo Bismillah m3nang . Suara rakyat untuk pak ganjar mahfud, mputaku melihat_indo bismillah nang suara rakyat untuk pak ganjar mahfud
175,Neutral,Ganjar punya hobi naik gunung lohh https://t.co/a4VS2wPBGY,ganjar punya hobi naik gunung lohh 
176,Neutral,"Ganjar itu solutif, nggak kayak 02 ibu hamil dikasih asam sulfat yo modar https://t.co/IEFyI8bjYd",ganjar itu solutif nggak kayak ibu hamil dikasih asam sulfat yo modar 
177,Positive,@Melihat_Indo Pak ganjar memang sangat humble dan rendah hati wajar saja klo banyak yang menyukai nya, melihat_indo pak ganjar memang sangat humble dan rendah hati wajar saja klo banyak yang menyukai nya
178,Neutral,ganjar komitmen betikan kemufahan akses beasiswa https://t.co/2owcFDGDkK,ganjar komitmen betikan kemufahan akses beasiswa 
179,Positive,@ganjarpranowo Keren pak Ganjar benar2 sangat peduli dengan kami rakyat kecil, ganjarpranowo keren pak ganjar benar sangat peduli dengan kami rakyat kecil
180,Positive,@Melihat_Indo Semangat selalu pak Ganjar dukungan terus mengalir untuk kemenangan Ganjar Mahfud, melihat_indo semangat selalu pak ganjar dukungan terus mengalir untuk kemenangan ganjar mahfud
181,Positive,@ganjarpranowo nah bner nih pak ada bnyk solusi untuk rakyat pak Ganjar emng pling terbaik, ganjarpranowo nah bner nih pak ada bnyk solusi untuk rakyat pak ganjar emng pling terbaik
182,Positive,@AndyHuskyyy gokil pak ganjar, andyhuskyyy gokil pak ganjar
183,Positive,@Melihat_Indo Alhamdulillah ya semua pada senang dengan pak ganjar mahfud, melihat_indo alhamdulillah ya semua pada senang dengan pak ganjar mahfud
184,Negative,"@FatEmolga @strike_bravo_b iya, gw yg awalbya muak bgt ama pdip ampe mikir dikit, kayaknya ganjar ama pdip ga jahat2 bgt wkw", fatemolga strike_bravo_b iya gw yg awalbya muak bgt ama pdip ampe mikir dikit kayaknya ganjar ama pdip ga jahat bgt wkw
185,Negative,"@kangdede78 biasa bully anies selalu aman karena anies mmg ga peduli, tapi kali ini ganjar mahfud dan pdip, kita tunggu orang ini kepeleset jari, dan kita lihat kayak apa kalau bu mega sudah marah...", kangdede biasa bully anies selalu aman karena anies mmg ga peduli tapi kali ini ganjar mahfud dan pdip kita tunggu orang ini kepeleset jari dan kita lihat kayak apa kalau bu mega sudah marah 
186,Negative,Udah gosah malu2 dukung prabowo. Ngapain pakai tameng jokowi juga.  Pakai ngeles buzzer ganjar segala. Klean itu pilih capres apa pilih buzzer?   ğŸ˜ğŸ˜ğŸ˜,udah gosah malu dukung prabowo ngapain pakai tameng jokowi juga pakai ngeles buzzer ganjar segala klean itu pilih capres apa pilih buzzer 
187,Positive,@Melihat_Indo Alkhamdulillah semoga jadi awal yg baik untuk pak ganjar dan pak mahfud, melihat_indo alkhamdulillah semoga jadi awal yg baik untuk pak ganjar dan pak mahfud
188,Positive,@ganjarpranowo Keren pak Ganjar fansnya kebanyakan bapack-bapack kalo disanağŸ˜‚, ganjarpranowo keren pak ganjar fansnya kebanyakan bapack bapack kalo disana 
189,Neutral,@officialinews_ pasangan Ganjar Mahfud menunjukkan komitmen yg teguh terhadap prinsip prinsip konstitusi dalam perjalanan mereka menuju pemilihanğŸ”¥, officialinews_ pasangan ganjar mahfud menunjukkan komitmen yg teguh terhadap prinsip prinsip konstitusi dalam perjalanan mereka menuju pemilihan 
190,Neutral,@ganjarpranowo pak ganjar turun langsung ke petani ini baru solusi pak ganjar bisa jdi presiden selanjutnya, ganjarpranowo pak ganjar turun langsung ke petani ini baru solusi pak ganjar bisa jdi presiden selanjutnya
191,Neutral,@YRadianto @Hasanudin @gibran_tweet Belimbing sayur lulusan SMK takut debat ğŸ¤£, yradianto hasanudin gibran_tweet belimbing sayur lulusan smk takut debat 
192,Positive,"@Melihat_Indo Saat sukses bersama, Ganjar mendapat apresiasi istimewa dari Suku Adat Dayak di Kalimantan Timur. Kini, sebagai Warga Kehormatan, perjalanan ini menjadi bukti sinergi yang kuat", melihat_indo saat sukses bersama ganjar mendapat apresiasi istimewa dari suku adat dayak di kalimantan timur kini sebagai warga kehormatan perjalanan ini menjadi bukti sinergi yang kuat
193,Negative,"@alextham878 Saya bukan pendukung Ganjar, malah Ganjar adalah capres yang tidak pernah saya pertimbangkan...tapi daripada nyinyir istri ganjar, mending istri capresmu aja suruh  ikut kampanye.........", alextham saya bukan pendukung ganjar malah ganjar adalah capres yang tidak pernah saya pertimbangkan tapi daripada nyinyir istri ganjar mending istri capresmu aja suruh ikut kampanye 
194,Neutral,"@PartaiSocmed maaf ya bukan pendukung itu paslon, tapi batal bukan sekedar karena pak ganjar dan pdip, banyak faktornya", partaisocmed maaf ya bukan pendukung itu paslon tapi batal bukan sekedar karena pak ganjar dan pdip banyak faktornya
195,Positive,"@Melihat_Indo Di bawah naungan dukungan hebat dari masyarakat Kalimantan Timur, Ganjar dihormati sebagai Warga Kehormatan oleh Suku Adat Dayak. Bersama, kita membangun kebersamaan yang tak tergoyahkan", melihat_indo di bawah naungan dukungan hebat dari masyarakat kalimantan timur ganjar dihormati sebagai warga kehormatan oleh suku adat dayak bersama kita membangun kebersamaan yang tak tergoyahkan
196,Neutral,"@xquitavee GANJAR MACHFUD MENANG SATU PUTARAN,,ğŸ‘", xquitavee ganjar machfud menang satu putaran 
197,Negative,@sami86pilang Pagi ğŸŒ„ğŸ™‹, sami pilang pagi 
198,Negative,"Prabowo itu status quo. Artinya IKN lanjut,  korbanÂ² kebiadaban rejim orson gabakal pernah dapet keadilan. Ganjar idem + partai terkorup. Anies ahlul hianat, pemaksa vaksin laknat.  Ga ada yg beres semua. Demikian, gw golput tanpa cela. Gosah lg nanya gw dukung siapa. Tabok nih!",prabowo itu status quo artinya ikn lanjut korbanÂ² kebiadaban rejim orson gabakal pernah dapet keadilan ganjar idem partai terkorup anies ahlul hianat pemaksa vaksin laknat ga ada yg beres semua demikian gw golput tanpa cela gosah lg nanya gw dukung siapa tabok nih 
199,Positive,"@Melihat_Indo Suku Adat Dayak mengangkat Ganjar sebagai Warga Kehormatan sebagai bentuk penghargaan atas dedikasinya dan dukungan besar dari warga Kalimantan Timur. Sukses bersama, bersatu dalam keberagaman", melihat_indo suku adat dayak mengangkat ganjar sebagai warga kehormatan sebagai bentuk penghargaan atas dedikasinya dan dukungan besar dari warga kalimantan timur sukses bersama bersatu dalam keberagaman
200,Positive,@Gus_Raharjo Wadas program pemerintah pusat &amp  bumn tp yg nanggung akibat ganjar yg dihujat dibuly..diintimidasi Ganjar pdhl ganjar memperjuangkan hak 2 warga wadas.., gus_raharjo wadas program pemerintah pusat amp bumn tp yg nanggung akibat ganjar yg dihujat dibuly diintimidasi ganjar pdhl ganjar memperjuangkan hak warga wadas 
201,Positive,@Melihat_Indo pengangkatan ini benar benar mencerminkam bahwa warga suku adat dayak memberikan dukungan pada pak ganjar, melihat_indo pengangkatan ini benar benar mencerminkam bahwa warga suku adat dayak memberikan dukungan pada pak ganjar
202,Neutral,@PUTRY_NUSANTARA Belimbing sayur takut debat maklum lulusan SMK kaliğŸ¤£, putry_nusantara belimbing sayur takut debat maklum lulusan smk kali 
203,Positive,"@Melihat_Indo Tetap optimis pak Ganjar, semua mendukung mu", melihat_indo tetap optimis pak ganjar semua mendukung mu
204,Neutral,"@Melihat_Indo Penghormatan luar biasa! Ganjar diterima sebagai Warga Kehormatan oleh Suku Adat Dayak, mengukuhkan ikatan erat antara pemimpin dan masyarakat Kalimantan Timur dalam perjalanan pembangunan bersama", melihat_indo penghormatan luar biasa ganjar diterima sebagai warga kehormatan oleh suku adat dayak mengukuhkan ikatan erat antara pemimpin dan masyarakat kalimantan timur dalam perjalanan pembangunan bersama
205,Neutral,"@ganjarpranowo dari Kupang, lombok , Kendari ga ada rasa lelah pak ganjar kalau udah turun langsung ke rakyat", ganjarpranowo dari kupang lombok kendari ga ada rasa lelah pak ganjar kalau udah turun langsung ke rakyat
206,Positive,"@kumparan menjelang pemilu banyak hoaxs bertebaran, semangat terus pak ganjar kami selalu mendukungmu ğŸ‘ğŸ»", kumparan menjelang pemilu banyak hoaxs bertebaran semangat terus pak ganjar kami selalu mendukungmu 
207,Positive,"@KompasTV Pak Ganjar siap menerima kritikan kok, gapapa. Pak Ganjar menanggapi dengan santai", kompastv pak ganjar siap menerima kritikan kok gapapa pak ganjar menanggapi dengan santai
208,Positive,"@FeniksFireBird Karena Ganjar Pakai Hati, pasti Menang", feniksfirebird karena ganjar pakai hati pasti menang
209,Neutral,@AntonKu73047372 @RizkiR4madani Gue pilih ganjar-  Mahfud  tapi anak gue pilih Prabowo- Gibran Seandainya ada Mahfud - Gibran pasti kami satu pilihan â˜ºâ˜ºâ˜º, antonku rizkir madani gue pilih ganjar mahfud tapi anak gue pilih prabowo gibran seandainya ada mahfud gibran pasti kami satu pilihan 
210,Neutral,@SETYAKI22965702 Bagi Pak ğŸ¤Ÿ #GanjarMahfud2024, setyaki bagi pak ganjarmahfud 
211,Positive,@Melihat_Indo Mantap nih pak ganjar semoga banyak lagi dukungan dukangan untuk pak ganjar dan pak mahfud, melihat_indo mantap nih pak ganjar semoga banyak lagi dukungan dukangan untuk pak ganjar dan pak mahfud
212,Positive,@ganjarpranowo mereka curhat banget yaa. tapi pak ganjar selalu senantiasa mendengarkan, ganjarpranowo mereka curhat banget yaa tapi pak ganjar selalu senantiasa mendengarkan
213,Positive,"@Melihat_Indo Mandau yang diberikan ke Pak Ganjar, menjadi simbol dari harapan warga agar Pak Ganjae diberikan kekuatan dan keberanian untuk  menjalankan tugas dengan amanah.", melihat_indo mandau yang diberikan ke pak ganjar menjadi simbol dari harapan warga agar pak ganjae diberikan kekuatan dan keberanian untuk menjalankan tugas dengan amanah 
214,Neutral,@DjohanLianto Lulusan SMK kali bener ğŸ¤£, djohanlianto lulusan smk kali bener 
215,Positive,@ganjarpranowo inilah sosok pemimpin yang sangat dekat dengan masyarakat luar biasa emg pak ganjar nih, ganjarpranowo inilah sosok pemimpin yang sangat dekat dengan masyarakat luar biasa emg pak ganjar nih
216,Positive,@Dennysiregar7 keren ya antusias mereka dukung pak ganjar, dennysiregar keren ya antusias mereka dukung pak ganjar
217,Negative,"@Duren___ Dia udh menagundurkan diri kali, yg blom mengundurkan diri justru stafsus yg dukung ganjar", duren___ dia udh menagundurkan diri kali yg blom mengundurkan diri justru stafsus yg dukung ganjar
218,Neutral,Politik Belimbing Sayur Ala @PDI_Perjuangan dan @psi_id   1. Bikin dua kubu Ganjar-Mahfud dan Prabowo-Gibran untuk pecahkan suara di pilpres 2024 ala PILKADES  2. Drama cakar-cakaran supaya terlihat serius menjadi lawan politik dan sesungguhnya mereka kakak-adik,politik belimbing sayur ala pdi_perjuangan dan psi_id bikin dua kubu ganjar mahfud dan prabowo gibran untuk pecahkan suara di pilpres ala pilkades drama cakar cakaran supaya terlihat serius menjadi lawan politik dan sesungguhnya mereka kakak adik
219,Positive,@ganjarpranowo rame dan sangat antusias sekali masyarakat yang ingin bertemu dengan pak ganjar, ganjarpranowo rame dan sangat antusias sekali masyarakat yang ingin bertemu dengan pak ganjar
220,Neutral,"@Chaves1305 Tujuan menjadi capres dan cawapres apa? Melayani rakyat sebaik-baiknya, agar bangsa dan negara unggul dan sejahtera. Maka langkah yg sebaik-baiknya dilakukan adalah mendengarkan sebanyak-banyaknya keinginan rakyat yg paling tak pernah didengarkan. Dan itu dilakukan Ganjar-Mahfud", chaves tujuan menjadi capres dan cawapres apa melayani rakyat sebaik baiknya agar bangsa dan negara unggul dan sejahtera maka langkah yg sebaik baiknya dilakukan adalah mendengarkan sebanyak banyaknya keinginan rakyat yg paling tak pernah didengarkan dan itu dilakukan ganjar mahfud
221,Positive,@Melihat_Indo Semangat pak Ganjar kami akan selalu bersamamu sampai pak Ganjar menjadi  presiden ., melihat_indo semangat pak ganjar kami akan selalu bersamamu sampai pak ganjar menjadi presiden 
222,Positive,@Melihat_Indo Memang pak Ganjar sangat membanggakan dehğŸ˜ğŸ˜, melihat_indo memang pak ganjar sangat membanggakan deh 
223,Positive,@ganjarpranowo cuma pak ganjar yang mengerti bgt rakyat gmna  aku pendukung setia pak ganjar, ganjarpranowo cuma pak ganjar yang mengerti bgt rakyat gmna aku pendukung setia pak ganjar
224,Neutral,"@millyshafiq @ulinyusron @AishahGray Kalau awalnya sowan, ada pembicaraan sama partai pak Ganjar, dan pak Ganjar nya maka gak akan terjadi hal2 seperti itu.", millyshafiq ulinyusron aishahgray kalau awalnya sowan ada pembicaraan sama partai pak ganjar dan pak ganjar nya maka gak akan terjadi hal seperti itu 
225,Negative,Belimbing  sayur asam sulfat Malu-maluin jd cawapres ilegal Abak garam kosntitusi Ga malu nyawapres  https://t.co/H2lg8aKl8B,belimbing sayur asam sulfat malu maluin jd cawapres ilegal abak garam kosntitusi ga malu nyawapres 
226,Positive,@Melihat_Indo Gelang manik yang diberikan ke pak ganjar merupakan simbol ikatan kekeluargaan. Jadi kayaknya ini artinya pak ganjar bener-bener diterima dengan tangan terbuka di sana., melihat_indo gelang manik yang diberikan ke pak ganjar merupakan simbol ikatan kekeluargaan jadi kayaknya ini artinya pak ganjar bener bener diterima dengan tangan terbuka di sana 
227,Neutral,"Jadilah seperti pohon yang tumbuh dan berbuah lebat. Dilempar dengan batu, tetapi membalasnya dengan buah.  &lt &gt   #Gaza_Genocide Andai UNHCR NPWP alam ganjar dimana netralitas aparat Gomez Szobo abuya muhtadi Onana Asam Sulfat blackpink",jadilah seperti pohon yang tumbuh dan berbuah lebat dilempar dengan batu tetapi membalasnya dengan buah lt gt gaza_genocide andai unhcr npwp alam ganjar dimana netralitas aparat gomez szobo abuya muhtadi onana asam sulfat blackpink
228,Neutral,Saya tahu tidak ada orang-orang hebat kecuali mereka yang memiliki pengabdian besar pada kemanusiaan.   &lt &gt   #Gaza_Genocide Andai UNHCR NPWP alam ganjar dimana netralitas aparat Gomez Szobo abuya muhtadi Onana Asam Sulfat blackpink,saya tahu tidak ada orang orang hebat kecuali mereka yang memiliki pengabdian besar pada kemanusiaan lt gt gaza_genocide andai unhcr npwp alam ganjar dimana netralitas aparat gomez szobo abuya muhtadi onana asam sulfat blackpink
229,Neutral,Ganjar bakal lanjutkan program yang sudah baik di IKN â€“ Desember https://t.co/xtzxJEU3ZP,ganjar bakal lanjutkan program yang sudah baik di ikn desember 
230,Neutral,@detikcom pasangan Ganjar Mahfud menunjukkan komitmen yg teguh terhadap prinsip prinsip konstitusi dalam perjalanan mereka menuju pemilihanğŸ”¥ Gaspol no 3ğŸ¤ŸğŸ», detikcom pasangan ganjar mahfud menunjukkan komitmen yg teguh terhadap prinsip prinsip konstitusi dalam perjalanan mereka menuju pemilihan gaspol no 
231,Positive,@Melihat_Indo Masyaalloh pak ganjar memang sangat pantas mendapatkan semua ini termasuk kehormatan dari suku adat Dayak ., melihat_indo masyaalloh pak ganjar memang sangat pantas mendapatkan semua ini termasuk kehormatan dari suku adat dayak 
232,Positive,@ganjarpranowo pak ganjar pokoknnya yang terbaik hanya beliau yang selalu mendengarkan aspirasi rakyat, ganjarpranowo pak ganjar pokoknnya yang terbaik hanya beliau yang selalu mendengarkan aspirasi rakyat
233,Neutral,@AndyHuskyyy Ganjar, andyhuskyyy ganjar
234,Neutral,@Dennysiregar7 Ganjar Mahfud yg paling pas memimpin Indonesia, dennysiregar ganjar mahfud yg paling pas memimpin indonesia
235,Positive,"Kinerja yang baik menciptakan hasil yang baik, bangga banget dengan pak ganjar ini",kinerja yang baik menciptakan hasil yang baik bangga banget dengan pak ganjar ini
236,Neutral,"@TatangSalman @psi_id Wadas Itu proyeknya pusat, ganjar yg beresin eKTP : Clear Bokep? : silahkan googling nama Aryodj""""", tatangsalman psi_id wadas itu proyeknya pusat ganjar yg beresin ektp clear bokep silahkan googling nama aryodj 
237,Positive,@ganjarpranowo Bangga memiliki pemimpin seperti pak ganjar ini ramah sederhana dan merakyat, ganjarpranowo bangga memiliki pemimpin seperti pak ganjar ini ramah sederhana dan merakyat
238,Positive,@Melihat_Indo Terus dukung Ganjar Mahfud untuk Indonesia yang jauh lebih baik, melihat_indo terus dukung ganjar mahfud untuk indonesia yang jauh lebih baik
239,Neutral,"@alisyarief Sdh tahu, itu kata ganjar mahfud,", alisyarief sdh tahu itu kata ganjar mahfud 
240,Positive,@ganjarpranowo Antusias masyarakat sangat antusias untuk kehadiran Pak Ganjar karena sedikit mengobati harga pokok yang makin melonjak tinggi, ganjarpranowo antusias masyarakat sangat antusias untuk kehadiran pak ganjar karena sedikit mengobati harga pokok yang makin melonjak tinggi
241,Neutral,@Melihat_Indo Hanya Ganjar Mahfud yang mampu menjadi pemimpin selanjutnya, melihat_indo hanya ganjar mahfud yang mampu menjadi pemimpin selanjutnya
242,Positive,@ganjarpranowo Luar biasa pak ganjar sosok calon pemimpin yang sangat dekat dengan masyarakat, ganjarpranowo luar biasa pak ganjar sosok calon pemimpin yang sangat dekat dengan masyarakat
243,Neutral,@Melihat_Indo Dengan tujuan untuk mendukung Ganjar Mahfud, melihat_indo dengan tujuan untuk mendukung ganjar mahfud
244,Neutral,@Opiniku95098012 Januari.. Januari.. kan datang. . . ğŸ˜…ğŸ˜‚ . . . GANJAR MAHFUD M3NANG ğŸ¤ŸğŸ¤ŸğŸ¤Ÿ, opiniku januari januari kan datang ganjar mahfud nang 
245,Neutral,"@sigitwid soal beginian psi mmg ahlinya, bermain di ranah sosok personal dg argumentasi yg sempurna scr umum, cocok jadi partai asisten pribadi,kalian kecil karena mengecilkan diri,nilai yg kalian bawa apaan, gagasan  cuma seputar sosok personal, dulu ahok, lantas ganjar,kini jokowi famili", sigitwid soal beginian psi mmg ahlinya bermain di ranah sosok personal dg argumentasi yg sempurna scr umum cocok jadi partai asisten pribadi kalian kecil karena mengecilkan diri nilai yg kalian bawa apaan gagasan cuma seputar sosok personal dulu ahok lantas ganjar kini jokowi famili
246,Neutral,"TimNas Anies-TPN Ganjar : Soal Debat Cawapres di Tiadakan, Sebut Menghina Gibran https://t.co/ms289GFVKp",timnas anies tpn ganjar soal debat cawapres di tiadakan sebut menghina gibran 
247,Positive,@Nikmatul_Sg Pak Ganjar pawangnya kota Yogyakarta, nikmatul_sg pak ganjar pawangnya kota yogyakarta
248,Positive,@Melihat_Indo Bersama Ganjar Mahfud Indonesia menjadi lebih baik, melihat_indo bersama ganjar mahfud indonesia menjadi lebih baik
249,Positive,@ganjarpranowo Luar biasa banget antusias masyarakat menyambut kedatangan pak ganjar, ganjarpranowo luar biasa banget antusias masyarakat menyambut kedatangan pak ganjar
250,Positive,@Melihat_Indo Pak Ganjar begitu sangat di terima sekali dimanapun ia berada, melihat_indo pak ganjar begitu sangat di terima sekali dimanapun ia berada
251,Negative,@Nikmatul_Sg Ngeri ya berani sekali menghina Yogyakarta tidak tau siapa bentengnya.. pak Ganjar nihh, nikmatul_sg ngeri ya berani sekali menghina yogyakarta tidak tau siapa bentengnya pak ganjar nihh
252,Positive,@Melihat_Indo syukurlah banyak yang mempercayakan pak ganjar untuk terus berjuang menjaga denokrasi dan membangun Indonesia lebih baik, melihat_indo syukurlah banyak yang mempercayakan pak ganjar untuk terus berjuang menjaga denokrasi dan membangun indonesia lebih baik
253,Neutral,@ajengcute16__ Wajar...jd aneh klo mrk all out menangkan ganjar / anies, ajengcute __ wajar jd aneh klo mrk all out menangkan ganjar anies
254,Negative,"Ya Udeh iye, loe pade Gak Usah Dukung Mana Pun, tapi Tar Kalo Ganjar Jadi, Loe Jangan Nangis2",ya udeh iye loe pade gak usah dukung mana pun tapi tar kalo ganjar jadi loe jangan nangis 
255,Positive,@Melihat_Indo Semoga terus mengalir dukungan untuk pak ganjar dan pak mahfud bismillah semoga menang, melihat_indo semoga terus mengalir dukungan untuk pak ganjar dan pak mahfud bismillah semoga menang
256,Negative,Benar kah ini 3 prestasi ganjar  Bikin konten Ngadu ayam dan Nonton bokep,benar kah ini prestasi ganjar bikin konten ngadu ayam dan nonton bokep
257,Positive,@SINDOnews @ganjarpranowo Pak ganjar memang top, sindonews ganjarpranowo pak ganjar memang top
258,Positive,"Pak Ganjar adalah satu satunya capres yang sangat Layak MENDUDUKI jabatan se kaliber RI 1Â   Juru selamat NKRI 17 ribu pulau , 714 suku , 6 Agama , 270 jt RakyatÂ   Pak Mahfud adalah cawapres yangÂ  Layak MENDUDUKI jabatan se kaliber RI 2 Karena pernah Menko Polhukam dan Menhan",pak ganjar adalah satu satunya capres yang sangat layak menduduki jabatan se kaliber ri juru selamat nkri ribu pulau suku agama jt rakyat pak mahfud adalah cawapres yang layak menduduki jabatan se kaliber ri karena pernah menko polhukam dan menhan
259,Positive,@Nikmatul_Sg Semangat pakkkk Ganjar engkau telah mendapatkan dukungan besar di Yogyakarta, nikmatul_sg semangat pakkkk ganjar engkau telah mendapatkan dukungan besar di yogyakarta
260,Positive,"@Melihat_Indo Apresiasi sekali pasti nya untuk pak Ganjar,maju terus", melihat_indo apresiasi sekali pasti nya untuk pak ganjar maju terus
261,Neutral,"Kunker Jokowi Dituding Buntuti Kampanye Ganjar Pranowo, Pengamat: Strategi Bersih-bersih https://t.co/JVUNPbSKxn lewat @tribunnews   #GanjarPranowo #Jokowi #Pilpres2024",kunker jokowi dituding buntuti kampanye ganjar pranowo pengamat strategi bersih bersih lewat tribunnews ganjarpranowo jokowi pilpres 
262,Neutral,@antaranews Ganjar terbaikkk, antaranews ganjar terbaikkk
263,Neutral,@Dennysiregar7 Sebegitu banyak kaum generasi musam mendukung pak Ganjar, dennysiregar sebegitu banyak kaum generasi musam mendukung pak ganjar
264,Positive,@Nikmatul_Sg Cuma pak Ganjar yang di beri amanah itu untuk memimpin yang terpercaya orang Yogyakarta, nikmatul_sg cuma pak ganjar yang di beri amanah itu untuk memimpin yang terpercaya orang yogyakarta
265,Positive,@Melihat_Indo Pak Ganjar memang sangat membutuhkan kagum banyak orang, melihat_indo pak ganjar memang sangat membutuhkan kagum banyak orang
266,Positive,"@ganjarpranowo Inilah pemimpin yang dibutuhkan Indonesia, pemimpin yang mampu memberi solusi bagi rakyatnya, saya yakin negara ini akan menjadi lebih baik dibawah kepemimpinannya, ya Dialah Ganjar Pranowo sang pemimpin harapan bangsa", ganjarpranowo inilah pemimpin yang dibutuhkan indonesia pemimpin yang mampu memberi solusi bagi rakyatnya saya yakin negara ini akan menjadi lebih baik dibawah kepemimpinannya ya dialah ganjar pranowo sang pemimpin harapan bangsa
267,Positive,@Dennysiregar7 Mahasiswa Surabaya siap mendukung pak Ganjar Mahfud lho, dennysiregar mahasiswa surabaya siap mendukung pak ganjar mahfud lho
268,Neutral,"@ganjarpranowo Terhadap lonjakan harga sembako, Ganjar sebut program stabilisasi harga harus jadi prioritas", ganjarpranowo terhadap lonjakan harga sembako ganjar sebut program stabilisasi harga harus jadi prioritas
269,Positive,"Pak Ganjar adalah satu satunya capres yang sangat Layak MENDUDUKI jabatan se kaliber RI 1Â   Juru selamat NKRI 17 ribu pulau , 714 suku , 6 Agama , 270 jt RakyatÂ   Pak Mahfud adalah cawapres yangÂ  Layak MENDUDUKI jabatan se kaliber RI 2 Karena pernah Menko Polhukam dan Menhan",pak ganjar adalah satu satunya capres yang sangat layak menduduki jabatan se kaliber ri juru selamat nkri ribu pulau suku agama jt rakyat pak mahfud adalah cawapres yang layak menduduki jabatan se kaliber ri karena pernah menko polhukam dan menhan
270,Neutral,"Calon Presiden nomor urut 3, Ganjar Pranowo akan menjalani masa kampanye hari ke-10 dengan mengunjungi Ibu Kota Negara (IKN) Nusantara di Kalimantan T... https://t.co/rkyPA2CXqt",calon presiden nomor urut ganjar pranowo akan menjalani masa kampanye hari ke dengan mengunjungi ibu kota negara ikn nusantara di kalimantan 
271,Positive,"@Melihat_Indo Masyaallah, terimakasih Kaltim sudah menerima pak Ganjar dengan baik", melihat_indo masyaallah terimakasih kaltim sudah menerima pak ganjar dengan baik
272,Neutral,@StefanAntonio__ Butet jelas pdip kan? Pendukung ganjar?budayawan yang lain kan masih banyak mas.., stefanantonio__ butet jelas pdip kan pendukung ganjar budayawan yang lain kan masih banyak mas 
273,Negative,"@alextham878 Ganjar bagus,...sayang dari PDIP males liat banteng", alextham ganjar bagus sayang dari pdip males liat banteng
274,Neutral,@adeksetia184043 @mputaku188156 @ganjarpranowo Pak ganjar mahfud akan memberi solusi dari setiap permasalahan yang di hadapi masyarakat, adeksetia mputaku ganjarpranowo pak ganjar mahfud akan memberi solusi dari setiap permasalahan yang di hadapi masyarakat
275,Positive,@Melihat_Indo Mantap full sepenuhnya percaya bahwa pak ganjar bisa menjadi pemimpin terbaik, melihat_indo mantap full sepenuhnya percaya bahwa pak ganjar bisa menjadi pemimpin terbaik
276,Neutral,@lysavana1 @akbarfaizal68 @ganjarpranowo @mohmahfudmd GANJAR MAHFUD M3NANG BERMARTABAT BERSAMA RAKYAT ğŸ¤ŸğŸ¤ŸğŸ¤Ÿ, lysavana akbarfaizal ganjarpranowo mohmahfudmd ganjar mahfud nang bermartabat bersama rakyat 
277,Positive,"Pak Ganjar adalah satu satunya capres yang sangat Layak MENDUDUKI jabatan se kaliber RI 1Â   Juru selamat NKRI 17 ribu pulau , 714 suku , 6 Agama , 270 jt RakyatÂ   Pak Mahfud adalah cawapres yangÂ  Layak MENDUDUKI jabatan se kaliber RI 2 Karena pernah Menko Polhukam dan Menhan",pak ganjar adalah satu satunya capres yang sangat layak menduduki jabatan se kaliber ri juru selamat nkri ribu pulau suku agama jt rakyat pak mahfud adalah cawapres yang layak menduduki jabatan se kaliber ri karena pernah menko polhukam dan menhan
278,Negative,@CamillaPutriix Ini knapa nama gw lu caplok ke twit lu.. Sejak kapan gw dukung Ganjar..  Gw simpatisan AMIN #AMINAjaDulu  #AMIN2024MENANGSATUPUTARAN, camillaputriix ini knapa nama gw lu caplok ke twit lu sejak kapan gw dukung ganjar gw simpatisan amin aminajadulu amin menangsatuputaran
279,Negative,Suntikan semangat untuk kita semua melawan perusak Demokrasi ğŸ¤Ÿ Hentikan politik dinasti dg mendukung dan memilih pemimpin yg berproses menjd anak kandung Demokrasi  Ganjar Mahfud M3nang total ğŸ¤Ÿ https://t.co/5Jg1Ylsn1q,suntikan semangat untuk kita semua melawan perusak demokrasi hentikan politik dinasti dg mendukung dan memilih pemimpin yg berproses menjd anak kandung demokrasi ganjar mahfud nang total 
280,Neutral,"Calon Presiden RI Ganjar Pranowo berkomitmen mengurangi industri ekstraktif di Kalimantan Timur yang akan menjadi lokasi IKN Nusantara.  Hal itu disampaikan Beliau usai pertemuan dengan TPD, Caleg Koalisi, dan Relawan di Balikpapan, Kalimantan Timur. âœŠï¸ğŸ¤ŸğŸ‡²ğŸ‡¨ #SahabatGanjar https://t.co/9i1GMga4Ms",calon presiden ri ganjar pranowo berkomitmen mengurangi industri ekstraktif di kalimantan timur yang akan menjadi lokasi ikn nusantara hal itu disampaikan beliau usai pertemuan dengan tpd caleg koalisi dan relawan di balikpapan kalimantan timur sahabatganjar 
281,Positive,@adeksetia184043 @mputaku188156 @ganjarpranowo Pak ganjar iki pas banget merakyat ibu ibu jadi seneng klo harga sembako stabil, adeksetia mputaku ganjarpranowo pak ganjar iki pas banget merakyat ibu ibu jadi seneng klo harga sembako stabil
282,Positive,@Melihat_Indo percaya akan pak ganjar jika Indonesia di pimpin pak ganjar akan lebih baik lagi, melihat_indo percaya akan pak ganjar jika indonesia di pimpin pak ganjar akan lebih baik lagi
283,Positive,@mputaku188156 @ganjarpranowo Bismillah pasti pak ganjar jadi presiden dan mensejahterahkan rakyat nya ni, mputaku ganjarpranowo bismillah pasti pak ganjar jadi presiden dan mensejahterahkan rakyat nya ni
284,Negative,Rakus kekuasaan Suami kampanye sendiri Istri kampanye sendiri Anak kampanye sendi Keluarga ganjar contoh keluarga yg rakus dan haus kekuasaan,rakus kekuasaan suami kampanye sendiri istri kampanye sendiri anak kampanye sendi keluarga ganjar contoh keluarga yg rakus dan haus kekuasaan
285,Positive,@antaranews Semangat buu mari kita dukung pak ganjar, antaranews semangat buu mari kita dukung pak ganjar
286,Positive,@Melihat_Indo Semakin yakin dan optimis Kalau Pak Ganjar adalah pemimpin yang terbaik untuk negeri ini, melihat_indo semakin yakin dan optimis kalau pak ganjar adalah pemimpin yang terbaik untuk negeri ini
287,Positive,"@Melihat_Indo Semakin sejahtera selalu dengan Pak Ganjar, semangat menuju masa depan", melihat_indo semakin sejahtera selalu dengan pak ganjar semangat menuju masa depan
288,Positive,@Melihat_Indo udah paling pas dan paling pantas kok pak ganjar jadi pemimpin Indonesia selanjutnya, melihat_indo udah paling pas dan paling pantas kok pak ganjar jadi pemimpin indonesia selanjutnya
289,Positive,@Melihat_Indo Antusiasnya begitu penuh makna untuk Pak Ganjar, melihat_indo antusiasnya begitu penuh makna untuk pak ganjar
290,Positive,@Melihat_Indo bukti tulus klo masyarakat kalimat Timur benar-benar mendukung lancar karena visi misi Pak Ganjar yang nyata, melihat_indo bukti tulus klo masyarakat kalimat timur benar benar mendukung lancar karena visi misi pak ganjar yang nyata
291,Positive,@Melihat_Indo mantap sih ini suatu kehormatan dan pantas didapatkan oleh pak ganjar, melihat_indo mantap sih ini suatu kehormatan dan pantas didapatkan oleh pak ganjar
292,Positive,"@Melihat_Indo Orang baik pasti pilih orang baik, bersama pak Ganjar Indonesia akan lebih maju", melihat_indo orang baik pasti pilih orang baik bersama pak ganjar indonesia akan lebih maju
293,Negative,"@Chaves1305 Pertanyaan yang TOLOL ini sih, karena klo dibalik tanya Berapa Triliun kah kerugian negara dan atau daerah yg timbul selama Anies &amp  Ganjar berkuasa.   Klo Prabowo @prabowo kan jelas telah merugikan negara senilai lebih kurang  6 Triliun !   https://t.co/qHKMO1sMsQ", chaves pertanyaan yang tolol ini sih karena klo dibalik tanya berapa triliun kah kerugian negara dan atau daerah yg timbul selama anies amp ganjar berkuasa klo prabowo prabowo kan jelas telah merugikan negara senilai lebih kurang triliun 
294,Negative,@Melihat_Indo pak ganjar terlalu merakyat dan humble pantas bgt di angkat warga kehormatan oleh suku dayak, melihat_indo pak ganjar terlalu merakyat dan humble pantas bgt di angkat warga kehormatan oleh suku dayak
295,Negative,"@sigitwid Haha ringan amat ngomongnya,  kmrn2 pas abis bilang ikut arahan ibu ketum,  klaim dukung ganjar,  dll lu ngapain?  Minimal lu ajar dulu gibran jgn jadi manusia munafik.  Ga ush sok2an ngomomg bijak lu https://t.co/MiNUvsMblT", sigitwid haha ringan amat ngomongnya kmrn pas abis bilang ikut arahan ibu ketum klaim dukung ganjar dll lu ngapain minimal lu ajar dulu gibran jgn jadi manusia munafik ga ush sok an ngomomg bijak lu 
296,Negative,@GunRomli Pasti ngomongin Pendukung ganjar yg ngamuk2 terus itu ya? Ya kan? ğŸ¤£ğŸ¤£ğŸ¤£ğŸ¤£ğŸ¤£, gunromli pasti ngomongin pendukung ganjar yg ngamuk terus itu ya ya kan 
297,Positive,@ganjarpranowo Semangat selalu Pak Ganjar untuk Indonesia Sejahtera, ganjarpranowo semangat selalu pak ganjar untuk indonesia sejahtera
298,Positive,@Melihat_Indo MasyaAllah dukungan untuk Pak Ganjar sampai kebanggaan untuk beliau, melihat_indo masyaallah dukungan untuk pak ganjar sampai kebanggaan untuk beliau
299,Positive,"@ganjarpranowo Aminnnn pak, semoga pak Ganjar juga bisa menemukan solusi terbaik atas keluhan pedagang dan tukang ojek itu", ganjarpranowo aminnnn pak semoga pak ganjar juga bisa menemukan solusi terbaik atas keluhan pedagang dan tukang ojek itu
300,Positive,@SniperDroen_ bener banget bang ğŸ‘ hanya pasangan Ganjar-Mahfud yg bisa saling melengkapi, sniperdroen_ bener banget bang hanya pasangan ganjar mahfud yg bisa saling melengkapi
301,Negative,@ediedot108 @widarto63285827 @xquitavee @are_inismyname @UstadMiftah @NyaiiBubu @cagubnyinyir2 @BANGSAygSUJUD @Uki23 @TeddGus @NusronWahid1 @andre_rosiade @KhoirilAnwar_ @genx36545403 @alextham878 Betul sekali ğŸ‡²ğŸ‡¨  Hanya menyampaikan realita isu agama tsb hanya di manfaatkan paslon lain. (Tidak menguntungkan ganjar bukan jg prabowo)  Isu gitu cenderung memecah persatuan   Selama anak suku bangsa nusantara indonesia saya dukung full ğŸ‡²ğŸ‡¨ Jaga persatuan NKRI, ediedot widarto xquitavee are_inismyname ustadmiftah nyaiibubu cagubnyinyir bangsaygsujud uki teddgus nusronwahid andre_rosiade khoirilanwar_ genx alextham betul sekali hanya menyampaikan realita isu agama tsb hanya di manfaatkan paslon lain tidak menguntungkan ganjar bukan jg prabowo isu gitu cenderung memecah persatuan selama anak suku bangsa nusantara indonesia saya dukung full jaga persatuan nkri
302,Neutral,Bu Siti Atikoh berkomitmen untuk meningkatkan penghasilan petani Indonesia ğŸ”¥ğŸ¤Ÿ  ___ Onana Liverpool UNHCR Maguire NPWP  #SahabatGanjar #GanjarPranowo #Ganjar #GenerasiGotongRoyong #GanjarPresiden #GanjarUntukSemua #GanjarMahfud2024 https://t.co/v8xL2veAhN,bu siti atikoh berkomitmen untuk meningkatkan penghasilan petani indonesia ___ onana liverpool unhcr maguire npwp sahabatganjar ganjarpranowo ganjar generasigotongroyong ganjarpresiden ganjaruntuksemua ganjarmahfud 
303,Negative,Kalo dia yg maju ke putaran 2 alamat politik identitas lg. Caoe de. Ayo tim Ganjar semangat dong kejar. Maennya jgn nyerang rejim mulu. Suaranya malah ke Anies lu makin ketinggalan,kalo dia yg maju ke putaran alamat politik identitas lg caoe de ayo tim ganjar semangat dong kejar maennya jgn nyerang rejim mulu suaranya malah ke anies lu makin ketinggalan
304,Negative,@rizieqdivist Hanya menyampaikan realita isu agama tsb hanya di manfaatkan paslon lain. (Tidak menguntungkan ganjar bukan jg prabowo)  Isu gitu cenderung memecah persatuan   Selama anak suku bangsa nusantara indonesia saya dukung full ğŸ‡²ğŸ‡¨ Jaga persatuan NKRI, rizieqdivist hanya menyampaikan realita isu agama tsb hanya di manfaatkan paslon lain tidak menguntungkan ganjar bukan jg prabowo isu gitu cenderung memecah persatuan selama anak suku bangsa nusantara indonesia saya dukung full jaga persatuan nkri
305,Negative,"@Melihat_Indo masyarakat menjadi ragu nih untuk memilih pemimpin yg sering blunder, emang paling bener dukung Ganjar Mahfud", melihat_indo masyarakat menjadi ragu nih untuk memilih pemimpin yg sering blunder emang paling bener dukung ganjar mahfud
306,Positive,@ganjarpranowo Mantap sekali pak Ganjar bisa meredakan para pedagang yang harga cabe sdg naik, ganjarpranowo mantap sekali pak ganjar bisa meredakan para pedagang yang harga cabe sdg naik
307,Neutral,@ganjarpranowo Bismillah Ganjar Pranowo penerus perjuangan pak Jokowi.. yang baik dan amanah, ganjarpranowo bismillah ganjar pranowo penerus perjuangan pak jokowi yang baik dan amanah
308,Neutral,@LaingenLisa Ayo kalimantan timur menangkan pak ganjar mahfud ğŸ¤Ÿ, laingenlisa ayo kalimantan timur menangkan pak ganjar mahfud 
309,Positive,@adeksetia184043 @mputaku188156 @ganjarpranowo Semangat selalu ngeh pak ganjar memang yang terbaik untuk masa depan, adeksetia mputaku ganjarpranowo semangat selalu ngeh pak ganjar memang yang terbaik untuk masa depan
