idx,result,text,clean
0,Neutral,@bumnbersatu @jokowi @ganjarpranowo @Adiprayitno_20 @prabowo @aniesbaswedan Ambil sembakonya jangan pilih/coblos yg memberinya agar tdk balik modalü§£ü§£üòÇ, bumnbersatu jokowi ganjarpranowo adiprayitno_ prabowo aniesbaswedan ambil sembakonya jangan pilih coblos yg memberinya agar tdk balik modal 
1,Neutral,"@brajageni666 @_MbakSri_ @Kiyai_MarufAmin @jokowi @mohmahfudmd @ListyoSigitP @prabowo @Menlu_RI @gundala2221 @Gi_N0ng Tempat itu jg prnh jd tempat pengungsian org vietnam saat perang vietnam,org vietnam yg kabur dari negaranya menuju indonesia dijuluki  Manusia perahu,masalah  pengungsian harus tangani internasional,klo di tanggung negara Terutama klo liat situasi saat ini sprtnya malah jd beban", brajageni _mbaksri_ kiyai_marufamin jokowi mohmahfudmd listyosigitp prabowo menlu_ri gundala gi_n ng tempat itu jg prnh jd tempat pengungsian org vietnam saat perang vietnam org vietnam yg kabur dari negaranya menuju indonesia dijuluki manusia perahu masalah pengungsian harus tangani internasional klo di tanggung negara terutama klo liat situasi saat ini sprtnya malah jd beban
2,Neutral,@Dennysiregar7 @psi_id @prabowo @gibran_tweet Lagi musim sinetron dan drama sekarang. https://t.co/tbTkmswoFw, dennysiregar psi_id prabowo gibran_tweet lagi musim sinetron dan drama sekarang 
3,Neutral,@AkuSukses8 @BANGSAygSUJUD @prabowo @alextham878 @Lembayung071 @Minietweets_ @mpoklela7 @P4P4B0W0_2024 @bengkeldodo @99propaganda @Chaves1305 @ajengcute16__ Yup. Juara tata kata dan juara debat serta presiden pollingüòÅ, akusukses bangsaygsujud prabowo alextham lembayung minietweets_ mpoklela p w _ bengkeldodo propaganda chaves ajengcute __ yup juara tata kata dan juara debat serta presiden polling 
4,Neutral,@golkar_id @prabowo @gibran_tweet Ntar takutnya disetir bapak dari belakang, golkar_id prabowo gibran_tweet ntar takutnya disetir bapak dari belakang
5,Neutral,@Melihat_Indo Memahami bahwa kritik terhadap prabowo gibran berkaitan dengan pengalaman dan kualitas adalah langkah awal dalam evaluasi kepemimpinan., melihat_indo memahami bahwa kritik terhadap prabowo gibran berkaitan dengan pengalaman dan kualitas adalah langkah awal dalam evaluasi kepemimpinan 
6,Neutral,@golkar_id @prabowo @gibran_tweet tim no 1 dah dahh, golkar_id prabowo gibran_tweet tim no dah dahh
7,Neutral,@golkar_id @prabowo @gibran_tweet Yang diterus banyakin hutang yaa, golkar_id prabowo gibran_tweet yang diterus banyakin hutang yaa
8,Neutral,@golkar_id @prabowo @gibran_tweet Wakilnya udah banyak belajar belom tuh?, golkar_id prabowo gibran_tweet wakilnya udah banyak belajar belom tuh 
9,Neutral,@liputan6dotcom Sebetulnya mereka kader kader cerdas dengan bergabung dengan prabowo-  gibran  mungkin mereka  mau mencari jatinya., liputan dotcom sebetulnya mereka kader kader cerdas dengan bergabung dengan prabowo gibran mungkin mereka mau mencari jatinya 
10,Neutral,@drReUtari08 @gibran_tweet @prabowo Karena ada ketidakadilan dan rekayasa hukum memotivasi netizen utk melawan..meskipun sadar bahwa Bapak dan Anak bebal dan tak punya malu, drreutari gibran_tweet prabowo karena ada ketidakadilan dan rekayasa hukum memotivasi netizen utk melawan meskipun sadar bahwa bapak dan anak bebal dan tak punya malu
11,Positive,@KangSemproel Nganuu, kangsemproel nganuu
12,Negative,"@Chaves1305 @prabowo Yg lain lagi cari2 untuk menjelek2an kandidat lainnya, itu strategi di sebelah sana", chaves prabowo yg lain lagi cari untuk menjelek an kandidat lainnya itu strategi di sebelah sana
13,Negative,"@WongAlasRoban Di jilati kok gak masuk om, sekalian cebokin", wongalasroban di jilati kok gak masuk om sekalian cebokin
14,Neutral,"@Redgerbil5 @ZulkifliLubis69 @gibran_tweet @prabowo @aniesbaswedan Kadrun ori, arab pesek wkwkwküòÖ", redgerbil zulkiflilubis gibran_tweet prabowo aniesbaswedan kadrun ori arab pesek wkwkwk 
15,Negative,"@AriRush5 @tvOneNews Belom tau pak prabowo memberikan beasiswa kpd ribuan anak asuhnya? Artinya prabowo sudah realisasi. Anies ngapain? Ga semua orang bisa diberikan tata kata dapat langsung beli makanan dan susu, klo sudah lapar mau bagaimana?", arirush tvonenews belom tau pak prabowo memberikan beasiswa kpd ribuan anak asuhnya artinya prabowo sudah realisasi anies ngapain ga semua orang bisa diberikan tata kata dapat langsung beli makanan dan susu klo sudah lapar mau bagaimana 
16,Positive,@Dennysiregar7 Kayaknya Prabowo menang pilpres kali ini bang Den...., dennysiregar kayaknya prabowo menang pilpres kali ini bang den 
17,Neutral,"@Dennysiregar7 @psi_id @prabowo @gibran_tweet Dipecat jadi Orang apa , bang ?", dennysiregar psi_id prabowo gibran_tweet dipecat jadi orang apa bang 
18,Negative,"@Wadas_Melawan Lah gila aja kalo warga wadas pilih prabowo, orang yg punya proyek ada di sana", wadas_melawan lah gila aja kalo warga wadas pilih prabowo orang yg punya proyek ada di sana
19,Neutral,@BANGSAygSUJUD @prabowo @alextham878 @Lembayung071 @Minietweets_ @mpoklela7 @Kimberley_2024 @P4P4B0W0_2024 @bengkeldodo @99propaganda @Chaves1305 @ajengcute16__ Sapa Kyainya?, bangsaygsujud prabowo alextham lembayung minietweets_ mpoklela kimberley_ p w _ bengkeldodo propaganda chaves ajengcute __ sapa kyainya 
20,Positive,"Kang Emil saja yakin Prabowo-Gibran menang satu putaran, mana kalian tidak Guys?   #PrabowoGibran2024  #menangsatuputaran  #Prabowopresiden2024 https://t.co/rJLbJ7S1LD",kang emil saja yakin prabowo gibran menang satu putaran mana kalian tidak guys prabowogibran menangsatuputaran prabowopresiden 
21,Negative,@PandamPamungkas @PartaiSocmed @prabowo Wah iya org' gila kuasa, pandampamungkas partaisocmed prabowo wah iya org gila kuasa
22,Negative,@Melihat_Indo Makin kesini makin keliatan banget Prabowo gibran tidak layak untuk menjadi seorang pemimpin karena kebanyakan melanggar gimna Indonesia mau maju nanti, melihat_indo makin kesini makin keliatan banget prabowo gibran tidak layak untuk menjadi seorang pemimpin karena kebanyakan melanggar gimna indonesia mau maju nanti
23,Neutral,@PDemokrat Bukannkah pilpres itu satu paket capres dan cawapres. Kenapa Partai Demokrat tidak menyebutka  juga cawapresnya? Dan banyak baliho caleg yg saya lihat itu hanya ada foto pak SBY dan Pak Prabowo dipasang bersamaan..., pdemokrat bukannkah pilpres itu satu paket capres dan cawapres kenapa partai demokrat tidak menyebutka juga cawapresnya dan banyak baliho caleg yg saya lihat itu hanya ada foto pak sby dan pak prabowo dipasang bersamaan 
24,Neutral,Sumber: Ratusan Simpatisan PKS Jabar Deklarasi Dukung Prabowo-Gibran https://t.co/y4TtdMOCJG,sumber ratusan simpatisan pks jabar deklarasi dukung prabowo gibran 
25,Negative,"@genx36545403 @prabowo @gibran_tweet Ehh BLOG yg ditiru jangan makannya, tapi tiru pemimpinnya ketika salah tau malu ngundurin diri minimal,kalo nnga bundir pake samurai, bisa ga ditiru?", genx prabowo gibran_tweet ehh blog yg ditiru jangan makannya tapi tiru pemimpinnya ketika salah tau malu ngundurin diri minimal kalo nnga bundir pake samurai bisa ga ditiru 
26,Neutral,@golkar_id @prabowo @gibran_tweet Yang ngibul yang ngibul, golkar_id prabowo gibran_tweet yang ngibul yang ngibul
27,Negative,@Dennysiregar7 @psi_id @prabowo @gibran_tweet Dipecat dan di pidanakan itu yg pas untuk si ade armando mulut comberan üòÄ, dennysiregar psi_id prabowo gibran_tweet dipecat dan di pidanakan itu yg pas untuk si ade armando mulut comberan 
28,Neutral,@KenapeAje @Dennysiregar7 @psi_id @prabowo @gibran_tweet @yunartowijaya @adearmando61 Celeng udah makan blm . Minta sama PSI dong kan udah komen trs, kenapeaje dennysiregar psi_id prabowo gibran_tweet yunartowijaya adearmando celeng udah makan blm minta sama psi dong kan udah komen trs
29,Positive,"@yangmi3prnew Debat hrs saling sanggah , itu namanya debat , kl tdk itu hanya cakap cakap .alasan yg dibuat buat menutupi malu , Prabowo Gibran hrs kesatria kl tdk mampu , katakan sejujurnya.", yangmi prnew debat hrs saling sanggah itu namanya debat kl tdk itu hanya cakap cakap alasan yg dibuat buat menutupi malu prabowo gibran hrs kesatria kl tdk mampu katakan sejujurnya 
30,Neutral,@BANGSAygSUJUD @prabowo @alextham878 @Lembayung071 @Minietweets_ @mpoklela7 @Kimberley_2024 @P4P4B0W0_2024 @bengkeldodo @99propaganda @Chaves1305 @ajengcute16__ ANIES gak ada lawan, bangsaygsujud prabowo alextham lembayung minietweets_ mpoklela kimberley_ p w _ bengkeldodo propaganda chaves ajengcute __ anies gak ada lawan
31,Neutral,"@tvOneNews Ide gagasan anies imin cuma akan akaan dan akaan.. klo Pak Prabowo sudah mulai inplementasi. Ya jauh lah, jadi wajar anies melalui tatakatanya serang 02.", tvonenews ide gagasan anies imin cuma akan akaan dan akaan klo pak prabowo sudah mulai inplementasi ya jauh lah jadi wajar anies melalui tatakatanya serang 
32,Neutral,@Chaves1305 @prabowo Di lantik sbagai CAAAALON SELAMANYAAA üòÜüòÜüòÜüòÜüòÜüòÜüòÜüòÜüòÜ, chaves prabowo di lantik sbagai caaaalon selamanyaaa 
33,Negative,@Chaves1305 Prabowo sumbang Palestine berapa 2 M ?  Sangat Kecil itu bagi yg kekayaannya Terliyunan udah gitu pamer cuma buat dipilih üòÖ, chaves prabowo sumbang palestine berapa sangat kecil itu bagi yg kekayaannya terliyunan udah gitu pamer cuma buat dipilih 
34,Neutral,@golkar_id @prabowo @gibran_tweet Bersama sama kawal Anies, golkar_id prabowo gibran_tweet bersama sama kawal anies
35,Neutral,"@Ganjar_Mahfud03 @GaweiPeniel Itulah Tweet nya para kadrun  , saya tdk suka bully an begitu walau saya gak dukung Prabowo- Gibran ‚ò∫‚ò∫‚ò∫‚ò∫", ganjar_mahfud gaweipeniel itulah tweet nya para kadrun saya tdk suka bully an begitu walau saya gak dukung prabowo gibran 
36,Neutral,@golkar_id @prabowo @gibran_tweet Takut nggak konsisten ntar yaa, golkar_id prabowo gibran_tweet takut nggak konsisten ntar yaa
37,Negative,@henrysubiakto bukannya kebalik..siapa yg selama ini menyerang jokowi sekeluarga dan prabowo? sampai megawati mengingatkan kader dan pendukungnya tdk terus2an menyerang jokowi..mungkin melihat suara ganjar semakin anjlok.jd pura2 baik sok bela jokowi., henrysubiakto bukannya kebalik siapa yg selama ini menyerang jokowi sekeluarga dan prabowo sampai megawati mengingatkan kader dan pendukungnya tdk terus an menyerang jokowi mungkin melihat suara ganjar semakin anjlok jd pura baik sok bela jokowi 
38,Neutral,"@Humaira_balqiss @AritonangHarpen @Chaves1305 @HarnadiHidayat Masa iya sekelas prabowo nyari buzzer begini. Di skakmat mulu sm netizen, ngeles mulu juga wkwk", humaira_balqiss aritonangharpen chaves harnadihidayat masa iya sekelas prabowo nyari buzzer begini di skakmat mulu sm netizen ngeles mulu juga wkwk
39,Neutral,@are_inismyname @bengkeldodo @prabowo @azissubekti @BANGSAygSUJUD @Ndons_Back @Zero8ok @Royan_02 @DarekaRendy @florieliciouss @Kimberley_2024 Sudahlah Nek..Nenek...dah tua...inget umur... https://t.co/GWdZQUDQp3, are_inismyname bengkeldodo prabowo azissubekti bangsaygsujud ndons_back zero ok royan_ darekarendy florieliciouss kimberley_ sudahlah nek nenek dah tua inget umur 
40,Neutral,@hendra_misni @are_inismyname @Ndons_Back @bengkeldodo @BANGSAygSUJUD @Zero8ok @Royan_02 @Kimberley_2024 @florieliciouss @AndreasSolusi @prabowo @Alie_Fahnoor Ndak akan paham..., hendra_misni are_inismyname ndons_back bengkeldodo bangsaygsujud zero ok royan_ kimberley_ florieliciouss andreassolusi prabowo alie_fahnoor ndak akan paham 
41,Neutral,"@Resty_J_Cayah Saya juga dua kali pilih Prabowo Subianto,bahkan hampir 3 kali sebelum ambil Gibran jadi cawapres,saya putuskan sekeluarga milih pak Anies", resty_j_cayah saya juga dua kali pilih prabowo subianto bahkan hampir kali sebelum ambil gibran jadi cawapres saya putuskan sekeluarga milih pak anies
42,Neutral,yuppp prabowo gibran untuk indonesia lebih maju ‚úå #PrabowoGibranIstimewa,yuppp prabowo gibran untuk indonesia lebih maju prabowogibranistimewa
43,Neutral,"@are_inismyname @bengkeldodo @prabowo @azissubekti @BANGSAygSUJUD @Ndons_Back @Zero8ok @Royan_02 @DarekaRendy @florieliciouss @Kimberley_2024 Salam perlawanan, salam 3 jari üòá", are_inismyname bengkeldodo prabowo azissubekti bangsaygsujud ndons_back zero ok royan_ darekarendy florieliciouss kimberley_ salam perlawanan salam jari 
44,Neutral,@golkar_id @prabowo @gibran_tweet Nggak penting deh, golkar_id prabowo gibran_tweet nggak penting deh
45,Neutral,"@Ringo15Pansa @genx36545403 @prabowo @gibran_tweet @jokowi @alextham878 @Alie_Fahnoor @AndreasSolusi @are_inismyname @BANGSAygSUJUD @Bank_Joee_ @bengkeldodo @Chaves1305 @florieliciouss Gagasan ? Gagasan, visi dan misi seorang @prabowo mudah didapatkan. Banyak gagasan beliau tertuang dlm bentuk buku, contohnya paradoks Indonesia, kepemimpinan militer dll. Gagasan beliau juga banyak disampaikan dlm pidato beliau.""", ringo pansa genx prabowo gibran_tweet jokowi alextham alie_fahnoor andreassolusi are_inismyname bangsaygsujud bank_joee_ bengkeldodo chaves florieliciouss gagasan gagasan visi dan misi seorang prabowo mudah didapatkan banyak gagasan beliau tertuang dlm bentuk buku contohnya paradoks indonesia kepemimpinan militer dll gagasan beliau juga banyak disampaikan dlm pidato beliau 
46,Neutral,"@genx36545403 @prabowo @gibran_tweet @jokowi @alextham878 @Alie_Fahnoor @AlmaghribiS @AndreasSolusi @are_inismyname @BANGSAygSUJUD @Bank_Joee_ @bengkeldodo @Chaves1305 @florieliciouss Banyak anak muda yang ke Anies Juga , lbh banyak hahaha", genx prabowo gibran_tweet jokowi alextham alie_fahnoor almaghribis andreassolusi are_inismyname bangsaygsujud bank_joee_ bengkeldodo chaves florieliciouss banyak anak muda yang ke anies juga lbh banyak hahaha
47,Neutral,@Setiawa62675011 @berlianidris Ya ndak tahu saya bukan timses Prabowo Gibran. Tanya sama timsesnya aja, setiawa berlianidris ya ndak tahu saya bukan timses prabowo gibran tanya sama timsesnya aja
48,Negative,@99propaganda @prabowo Krna mau kampanye kan, propaganda prabowo krna mau kampanye kan
49,Negative,"@tvOneNews Atas dasar apa mereka bergabung dengan prabowo gibran, padahal itu wadas proyek pusat, sama saja proyek Jokowi, hanya karena itu di wilayah ganjar bukan berarti itu tanggung jawabnya sepenuhnya.  Berarti mereka ini pendukung pesanan ya?", tvonenews atas dasar apa mereka bergabung dengan prabowo gibran padahal itu wadas proyek pusat sama saja proyek jokowi hanya karena itu di wilayah ganjar bukan berarti itu tanggung jawabnya sepenuhnya berarti mereka ini pendukung pesanan ya 
50,Positive,Ini yang perlu dijawab..   Apakah prabowo- gibran lebih baik : - prestasinya? - karakternya? - kompetensinya?,ini yang perlu dijawab apakah prabowo gibran lebih baik prestasinya karakternya kompetensinya 
51,Neutral,@golkar_id @prabowo @gibran_tweet Always AMIN TERBAIK, golkar_id prabowo gibran_tweet always amin terbaik
52,Negative,@GreenpeaceID Kok bukan prabowo yang nginiin program food estate sih??, greenpeaceid kok bukan prabowo yang nginiin program food estate sih 
53,Neutral,@pucuksemmai @nuwuyowo semoga pdip dan prabowo-gibran ga baca twt ini, pucuksemmai nuwuyowo semoga pdip dan prabowo gibran ga baca twt ini
54,Neutral,"Hoaks! Prabowo gagal nyapres, MK kabulkan batas usia capres 70 tahun pada 20 Agustus - ANTARA Bangka Belitung https://t.co/1VW3RMJE5R #BersamaIndonesiaMaju #PrabowoGemoy #KodeKita08Gemoy",hoaks prabowo gagal nyapres mk kabulkan batas usia capres tahun pada agustus antara bangka belitung bersamaindonesiamaju prabowogemoy kodekita gemoy
55,Neutral,"Hoaks! Prabowo gagal nyapres, MK kabulkan batas usia capres 70 tahun pada 20 Agustus - ANTARA Bangka Belitung https://t.co/HetuyYb7q4 #BersamaIndonesiaMaju #PrabowoGemoy #KodeKita08Gemoy",hoaks prabowo gagal nyapres mk kabulkan batas usia capres tahun pada agustus antara bangka belitung bersamaindonesiamaju prabowogemoy kodekita gemoy
56,Neutral,"Hoaks! Prabowo gagal nyapres, MK kabulkan batas usia capres 70 tahun pada 20 Agustus - ANTARA Bangka Belitung https://t.co/l2HcgOjTGV #BersamaIndonesiaMaju #PrabowoGemoy #KodeKita08Gemoy",hoaks prabowo gagal nyapres mk kabulkan batas usia capres tahun pada agustus antara bangka belitung bersamaindonesiamaju prabowogemoy kodekita gemoy
57,Neutral,@golkar_id @prabowo @gibran_tweet agak ga yakin sj, golkar_id prabowo gibran_tweet agak ga yakin sj
58,Neutral,"Hoaks! Prabowo gagal nyapres, MK kabulkan batas usia capres 70 tahun pada 20 Agustus - ANTARA Bangka Belitung https://t.co/umPSWLntay #BersamaIndonesiaMaju #PrabowoGemoy #KodeKita08Gemoy",hoaks prabowo gagal nyapres mk kabulkan batas usia capres tahun pada agustus antara bangka belitung bersamaindonesiamaju prabowogemoy kodekita gemoy
59,Neutral,"Hoaks! Prabowo gagal nyapres, MK kabulkan batas usia capres 70 tahun pada 20 Agustus - ANTARA Bangka Belitung https://t.co/toC9k7U3Q4 #BersamaIndonesiaMaju #PrabowoGemoy #KodeKita08Gemoy",hoaks prabowo gagal nyapres mk kabulkan batas usia capres tahun pada agustus antara bangka belitung bersamaindonesiamaju prabowogemoy kodekita gemoy
60,Neutral,"@drReUtari08 @gibran_tweet @prabowo Kampanye masih panjang, jogad  joged terus, ingat kesehatan Om.", drreutari gibran_tweet prabowo kampanye masih panjang jogad joged terus ingat kesehatan om 
61,Neutral,@99propaganda @prabowo @gibran_tweet Pemenang surepay. https://t.co/XtVpvruowG, propaganda prabowo gibran_tweet pemenang surepay 
62,Negative,@akuratco @Dennysiregar7 @psi_id @prabowo @gibran_tweet Padahal emang partai ini emang ngak benar nyansudah lama....., akuratco dennysiregar psi_id prabowo gibran_tweet padahal emang partai ini emang ngak benar nyansudah lama 
63,Negative,"@Chaves1305 Bani kopong emang sukanya goreng ginian.. Kalo cm bagi2 susu semua capres bisa... Tapi yang punya gagasan.. Berani ditanya apa saja itu cuma kaum kopong no 2 yang gak mampu. Prabowo nyumbang t milyar untuk Palestina yg mana cm 0,5 % dr kekayaanya. Anies? Coba cek dalam  forum", chaves bani kopong emang sukanya goreng ginian kalo cm bagi susu semua capres bisa tapi yang punya gagasan berani ditanya apa saja itu cuma kaum kopong no yang gak mampu prabowo nyumbang milyar untuk palestina yg mana cm dr kekayaanya anies coba cek dalam forum
64,Neutral,"@Wadas_Melawan Dipostingan lain @CNNIndonesia mencantumkan #Ad dalam postingan twitter. Kenapa pada berita Wadas mendukung Prabowo tidak?   Mungkin kelupaan adminnya. Sehat-sehat admin twitternya CNN, tetap fokus saat bekerja, jangan lupa istirahat.", wadas_melawan dipostingan lain cnnindonesia mencantumkan ad dalam postingan twitter kenapa pada berita wadas mendukung prabowo tidak mungkin kelupaan adminnya sehat sehat admin twitternya cnn tetap fokus saat bekerja jangan lupa istirahat 
65,Neutral,@golkar_id @prabowo @gibran_tweet Penerus kebanyakan gimmick, golkar_id prabowo gibran_tweet penerus kebanyakan gimmick
66,Neutral,@golkar_id @prabowo @gibran_tweet Gak beres nih, golkar_id prabowo gibran_tweet gak beres nih
67,Negative,"@alisyarief Jokowi dikagumi (dipilih) waktu itu karena lawannya Prabowo, Prabowo sejak awal tidak diinginkan publik karena banyak kasus kejahatan besar yg dia lakukan dan lagi kecendrungan untuk menjadi otoriter lebih besar ke dia. Tapi ternyata sekarang duanya sama saja.""", alisyarief jokowi dikagumi dipilih waktu itu karena lawannya prabowo prabowo sejak awal tidak diinginkan publik karena banyak kasus kejahatan besar yg dia lakukan dan lagi kecendrungan untuk menjadi otoriter lebih besar ke dia tapi ternyata sekarang duanya sama saja 
68,Neutral,Kalau Prabowo Presiden ini barang menduduki posisi LBP  Gambar sekedar penyedap https://t.co/39ZMypp6uZ,kalau prabowo presiden ini barang menduduki posisi lbp gambar sekedar penyedap 
69,Neutral,"@Leonita_Lestari Saya yakin jika Prabowo-Gibran akan tdk bisa menjawab dengan baik saat Debat jk Program dan janji2nya yg selangit/ngibul jika menang ditanyakan dananya, proses, dan mekanismenya, karena janji2 itu hny terlihat akan bagi2 proyek sesama pendukung", leonita_lestari saya yakin jika prabowo gibran akan tdk bisa menjawab dengan baik saat debat jk program dan janji nya yg selangit ngibul jika menang ditanyakan dananya proses dan mekanismenya karena janji itu hny terlihat akan bagi proyek sesama pendukung
70,Neutral,"@alisyarief Coba si bapak dibisikin pak kamu nanti jadi direktur BUMN, jika pilih prabowo Gibran.""  Langsung tuh balik arah lagi""", alisyarief coba si bapak dibisikin pak kamu nanti jadi direktur bumn jika pilih prabowo gibran langsung tuh balik arah lagi 
71,Neutral,@BANGSAygSUJUD @prabowo @alextham878 @Lembayung071 @Minietweets_ @mpoklela7 @Kimberley_2024 @P4P4B0W0_2024 @bengkeldodo @99propaganda @Chaves1305 @ajengcute16__ Dihati saya cuma ada pak anies, bangsaygsujud prabowo alextham lembayung minietweets_ mpoklela kimberley_ p w _ bengkeldodo propaganda chaves ajengcute __ dihati saya cuma ada pak anies
72,Neutral,Segala cara dilakukan oleh @prabowo,segala cara dilakukan oleh prabowo
73,Neutral,@BANGSAygSUJUD @prabowo @alextham878 @Lembayung071 @Minietweets_ @mpoklela7 @Kimberley_2024 @P4P4B0W0_2024 @bengkeldodo @99propaganda @Chaves1305 @ajengcute16__ Pak anies selalu dihati, bangsaygsujud prabowo alextham lembayung minietweets_ mpoklela kimberley_ p w _ bengkeldodo propaganda chaves ajengcute __ pak anies selalu dihati
74,Negative,Ngakak Ngakak  Ngakak Ngakak,ngakak ngakak ngakak ngakak
75,Neutral,@golkar_id @prabowo @gibran_tweet Kebanyakan janji omong kosong, golkar_id prabowo gibran_tweet kebanyakan janji omong kosong
76,Negative,Kapan lagi kan nih main SLOTS modal receh aja bisa dapet MOTOR secara cuma cuma mending gas langsung...  #kungkung88 #infogacor #reels #jakartahariini #pilpres #natal #jokowi #prabowo #GanjarMahfud #AniesMuhaimin2024 #PDIPerjuangan #slotgacor #aremania #slotgacor #hamas #israel https://t.co/XDELLQteoQ,kapan lagi kan nih main slots modal receh aja bisa dapet motor secara cuma cuma mending gas langsung kungkung infogacor reels jakartahariini pilpres natal jokowi prabowo ganjarmahfud aniesmuhaimin pdiperjuangan slotgacor aremania slotgacor hamas israel 
77,Neutral,@BANGSAygSUJUD @prabowo @alextham878 @Lembayung071 @Minietweets_ @mpoklela7 @Kimberley_2024 @P4P4B0W0_2024 @bengkeldodo @99propaganda @Chaves1305 @ajengcute16__ Nomor satu gk ada duanya, bangsaygsujud prabowo alextham lembayung minietweets_ mpoklela kimberley_ p w _ bengkeldodo propaganda chaves ajengcute __ nomor satu gk ada duanya
78,Negative,Prabowo Jatuh. Belum tarung sudah jatuh. Ga bahaya too.   Lihat video RICK RM¬π¬≤ MATAKUü§ç! #TikTok https://t.co/xCKjWte9oH,prabowo jatuh belum tarung sudah jatuh ga bahaya too lihat video rick rm¬π¬≤ mataku tiktok 
79,Neutral,"@Dennysiregar7 Buzzer pdi lg cuti nyerang anis, skrg ad job baru nyerang prabowo gibran,", dennysiregar buzzer pdi lg cuti nyerang anis skrg ad job baru nyerang prabowo gibran 
80,Neutral,@driveronline_17 @OfficialDPP_PBB @Beritasatu @prabowo @CNNIndonesia memuat berita yg katanya lalu katanya &amp  direspon publik Indonesia seolah sdh terjadi pembicaraan seriusüòÜüòÜ.  Ingat jaman GusDur yg saat itu akan buka hub diplomatik dg Israel. Tapi sampe skrg tak ada ujung pangkalnya. Sebagian publik Ind mmg suka mengunyah HOAX, driveronline_ officialdpp_pbb beritasatu prabowo cnnindonesia memuat berita yg katanya lalu katanya amp direspon publik indonesia seolah sdh terjadi pembicaraan serius ingat jaman gusdur yg saat itu akan buka hub diplomatik dg israel tapi sampe skrg tak ada ujung pangkalnya sebagian publik ind mmg suka mengunyah hoax
81,Neutral,@BANGSAygSUJUD @prabowo @alextham878 @Lembayung071 @Minietweets_ @mpoklela7 @Kimberley_2024 @P4P4B0W0_2024 @bengkeldodo @99propaganda @Chaves1305 @ajengcute16__ Pasangan no 1 gk ada lawan, bangsaygsujud prabowo alextham lembayung minietweets_ mpoklela kimberley_ p w _ bengkeldodo propaganda chaves ajengcute __ pasangan no gk ada lawan
82,Negative,@Chaves1305 Anies sebelum masuk politik udah mendirikan Indonesia mengajar. Jauh sebelum Prabowo sujud sukur sih., chaves anies sebelum masuk politik udah mendirikan indonesia mengajar jauh sebelum prabowo sujud sukur sih 
83,Negative,"@illberightbacks @convomf @jokowi  @prabowo pak tolong ditindak lanjuti, warga indonesia sudah mulai was-was dan takut untuk banyaknya kemungkinan buruk dimasa depan üôè.", illberightbacks convomf jokowi prabowo pak tolong ditindak lanjuti warga indonesia sudah mulai was was dan takut untuk banyaknya kemungkinan buruk dimasa depan 
84,Neutral,@akuratco @Dennysiregar7 @psi_id @prabowo @gibran_tweet Berani nggak ya..., akuratco dennysiregar psi_id prabowo gibran_tweet berani nggak ya 
85,Neutral,"@C4k_D3pp Ojo sampe mendoan, pecel, rawon di klaim jugak cak", k_d pp ojo sampe mendoan pecel rawon di klaim jugak cak
86,Neutral,@BANGSAygSUJUD @prabowo @alextham878 @Lembayung071 @Minietweets_ @mpoklela7 @Kimberley_2024 @P4P4B0W0_2024 @bengkeldodo @99propaganda @Chaves1305 @ajengcute16__ Saya cuma mau dukung nomor 1, bangsaygsujud prabowo alextham lembayung minietweets_ mpoklela kimberley_ p w _ bengkeldodo propaganda chaves ajengcute __ saya cuma mau dukung nomor 
87,Neutral,@Beritasatu Kata Prabowo survei itu tergantung siapa yang bayar üòÇ, beritasatu kata prabowo survei itu tergantung siapa yang bayar 
88,Neutral,@BANGSAygSUJUD @prabowo @alextham878 @Lembayung071 @Minietweets_ @mpoklela7 @Kimberley_2024 @P4P4B0W0_2024 @bengkeldodo @99propaganda @Chaves1305 @ajengcute16__ Yg jelas jangan lupakan Ulama....., bangsaygsujud prabowo alextham lembayung minietweets_ mpoklela kimberley_ p w _ bengkeldodo propaganda chaves ajengcute __ yg jelas jangan lupakan ulama 
89,Neutral,"Prabowo-Gibran Dicurigai Curang, TKN: Kami Dirugikan, padahal Elektabilitas Lagi Tinggi  Klik untuk baca: https://t.co/DlEvjkBdbg  Kompascom+ baca berita tanpa iklan: https://t.co/81WhKL3MGP Download aplikasi: https://t.co/tJhqvVAwAZ https://t.co/DlEvjkBdbg",prabowo gibran dicurigai curang tkn kami dirugikan padahal elektabilitas lagi tinggi klik untuk baca kompascom baca berita tanpa iklan download aplikasi 
90,Neutral,@BANGSAygSUJUD @prabowo @alextham878 @Lembayung071 @Minietweets_ @mpoklela7 @Kimberley_2024 @P4P4B0W0_2024 @bengkeldodo @99propaganda @Chaves1305 @ajengcute16__ Saya setia dengan no 1, bangsaygsujud prabowo alextham lembayung minietweets_ mpoklela kimberley_ p w _ bengkeldodo propaganda chaves ajengcute __ saya setia dengan no 
91,Negative,@narkosun @cakimiNOW @mohmahfudmd Coret saja lah cawapres model begituan. Gibran pikir sekelas prabowo dan partai kualisinya tunduk sama gibran. Apalgi acara tvOne gak ngaruh coy wong yng punya nya saja mendukung gibran, narkosun cakiminow mohmahfudmd coret saja lah cawapres model begituan gibran pikir sekelas prabowo dan partai kualisinya tunduk sama gibran apalgi acara tvone gak ngaruh coy wong yng punya nya saja mendukung gibran
92,Neutral,@BANGSAygSUJUD @prabowo @alextham878 @Lembayung071 @Minietweets_ @mpoklela7 @Kimberley_2024 @P4P4B0W0_2024 @bengkeldodo @99propaganda @Chaves1305 @ajengcute16__ Saya mah cuma milih no 1, bangsaygsujud prabowo alextham lembayung minietweets_ mpoklela kimberley_ p w _ bengkeldodo propaganda chaves ajengcute __ saya mah cuma milih no 
93,Neutral,@genx36545403 @prabowo @gibran_tweet @jokowi @alextham878 @Alie_Fahnoor @AlmaghribiS @AndreasSolusi @are_inismyname @BANGSAygSUJUD @Bank_Joee_ @bengkeldodo @Chaves1305 @florieliciouss Karena asam sulfat https://t.co/OnTCDNVqw2, genx prabowo gibran_tweet jokowi alextham alie_fahnoor almaghribis andreassolusi are_inismyname bangsaygsujud bank_joee_ bengkeldodo chaves florieliciouss karena asam sulfat 
94,Neutral,@bumnbersatu @Dennysiregar7 @psi_id @prabowo @gibran_tweet @adearmando61 Naaahh klo ini lebih masuk akal.., bumnbersatu dennysiregar psi_id prabowo gibran_tweet adearmando naaahh klo ini lebih masuk akal 
95,Neutral,@are_inismyname @Ndons_Back @bengkeldodo @BANGSAygSUJUD @Zero8ok @Royan_02 @Kimberley_2024 @florieliciouss @AndreasSolusi @prabowo @Alie_Fahnoor Gibran kemana tadi malam kok g hadir? Para pendukung di buat repot memoles Gibran.., are_inismyname ndons_back bengkeldodo bangsaygsujud zero ok royan_ kimberley_ florieliciouss andreassolusi prabowo alie_fahnoor gibran kemana tadi malam kok hadir para pendukung di buat repot memoles gibran 
96,Positive,@RagilSemar Alhamdulillah, ragilsemar alhamdulillah
97,Neutral,@BANGSAygSUJUD @prabowo @alextham878 @Lembayung071 @Minietweets_ @mpoklela7 @Kimberley_2024 @P4P4B0W0_2024 @bengkeldodo @99propaganda @Chaves1305 @ajengcute16__ Pikihan saya tetap pasangan no 1, bangsaygsujud prabowo alextham lembayung minietweets_ mpoklela kimberley_ p w _ bengkeldodo propaganda chaves ajengcute __ pikihan saya tetap pasangan no 
98,Negative,@genx36545403 @prabowo @gibran_tweet @jokowi @alextham878 @Alie_Fahnoor @AlmaghribiS @AndreasSolusi @are_inismyname @BANGSAygSUJUD @Bank_Joee_ @bengkeldodo @Chaves1305 @florieliciouss Bodoh milih mreka, genx prabowo gibran_tweet jokowi alextham alie_fahnoor almaghribis andreassolusi are_inismyname bangsaygsujud bank_joee_ bengkeldodo chaves florieliciouss bodoh milih mreka
99,Neutral,"@golkar_id @prabowo @gibran_tweet Nggak heran kalo hobi nyuri, nih slogan dipake juga", golkar_id prabowo gibran_tweet nggak heran kalo hobi nyuri nih slogan dipake juga
100,Neutral,@EmelecesEcuador @bahlillahadalia @erickthohir @TsamaraDKI @hendri_NCY @eimeralds @yaniarsim Klo saya sih tetap dukung Prabowo Gibran untuk Indonesia Maju, emelecesecuador bahlillahadalia erickthohir tsamaradki hendri_ncy eimeralds yaniarsim klo saya sih tetap dukung prabowo gibran untuk indonesia maju
101,Negative,"@bengkeldodo @prabowo @genx36545403 @DediMulyadi71 @JordanMihaf @yosephrosario_ @Royan_02 @bentangnegeri @are_inismyname @florieliciouss @BANGSAygSUJUD @Bank_Joee_ Ciri ciri menggunakan SARA, selain rawan konflik anda juga minim sejarah ü´£", bengkeldodo prabowo genx dedimulyadi jordanmihaf yosephrosario_ royan_ bentangnegeri are_inismyname florieliciouss bangsaygsujud bank_joee_ ciri ciri menggunakan sara selain rawan konflik anda juga minim sejarah 
102,Neutral,@drReUtari08 @prabowo @gibran_tweet Pilihan rakyat cerdas bukan pilihan buzzer bayaran https://t.co/iyFc4Mixqd, drreutari prabowo gibran_tweet pilihan rakyat cerdas bukan pilihan buzzer bayaran 
103,Positive,Oligarki politik diperankan oleh Gibran dan Prabowo dengan gemilang. https://t.co/JCtX1HEW1G,oligarki politik diperankan oleh gibran dan prabowo dengan gemilang 
104,Neutral,@BANGSAygSUJUD @prabowo @alextham878 @Lembayung071 @Minietweets_ @mpoklela7 @Kimberley_2024 @P4P4B0W0_2024 @bengkeldodo @99propaganda @Chaves1305 @ajengcute16__ Lagi ada yang caper nih, bangsaygsujud prabowo alextham lembayung minietweets_ mpoklela kimberley_ p w _ bengkeldodo propaganda chaves ajengcute __ lagi ada yang caper nih
105,Neutral,Gibran dan Prabowo membentuk aliansi dalam oligarki politik yang kuat. https://t.co/tDTLx1cYQv,gibran dan prabowo membentuk aliansi dalam oligarki politik yang kuat 
106,Negative,"@ethadisaputra @Santi11Irma @PKSejahtera Setahu gue ,kubu prabowo tak suka di dukung pks,ini sich akal busuk manusia pendengki.", ethadisaputra santi irma pksejahtera setahu gue kubu prabowo tak suka di dukung pks ini sich akal busuk manusia pendengki 
107,Neutral,Gibran dan Prabowo bersinergi membangun oligarki kekuasaan yang tak terbantahkan. https://t.co/AzvgzTqdxu,gibran dan prabowo bersinergi membangun oligarki kekuasaan yang tak terbantahkan 
108,Neutral,@BANGSAygSUJUD @prabowo @alextham878 @Lembayung071 @Minietweets_ @mpoklela7 @Kimberley_2024 @P4P4B0W0_2024 @bengkeldodo @99propaganda @Chaves1305 @ajengcute16__ Bau bau mencari suara nih, bangsaygsujud prabowo alextham lembayung minietweets_ mpoklela kimberley_ p w _ bengkeldodo propaganda chaves ajengcute __ bau bau mencari suara nih
109,Neutral,@stela_rdwu @are_inismyname @Kimberley_2024 @Ndons_Back @bengkeldodo @BANGSAygSUJUD @Zero8ok @Royan_02 @florieliciouss @AndreasSolusi @prabowo @Alie_Fahnoor Apa yg di diskusikan! ‚Ä¶ asam sulfat kah?‚Ä¶. üòÇüòÇüòÇ, stela_rdwu are_inismyname kimberley_ ndons_back bengkeldodo bangsaygsujud zero ok royan_ florieliciouss andreassolusi prabowo alie_fahnoor apa yg di diskusikan asam sulfat kah 
110,Neutral,Oligarki politik diperkuat oleh ambisi besar Gibran dan Prabowo. https://t.co/8pjB8z0N0V,oligarki politik diperkuat oleh ambisi besar gibran dan prabowo 
111,Positive,@BANGSAygSUJUD @prabowo @alextham878 @Lembayung071 @Minietweets_ @mpoklela7 @Kimberley_2024 @P4P4B0W0_2024 @bengkeldodo @99propaganda @Chaves1305 @ajengcute16__ AMIN yang tepat, bangsaygsujud prabowo alextham lembayung minietweets_ mpoklela kimberley_ p w _ bengkeldodo propaganda chaves ajengcute __ amin yang tepat
112,Neutral,Oligarki politik tercermin dalam kebijakan yang menguntungkan Gibran dan Prabowo. https://t.co/dPOgxM5MTL,oligarki politik tercermin dalam kebijakan yang menguntungkan gibran dan prabowo 
113,Neutral,@golkar_id @prabowo @gibran_tweet Semangat junjung AMIN, golkar_id prabowo gibran_tweet semangat junjung amin
114,Neutral,"@Chaves1305 Anies dan ganjar kampanye mulai 28 November 2023 , kalau prabowo kampanye mulai 2 juni 2009 üòÅüòÅüòÅ", chaves anies dan ganjar kampanye mulai november kalau prabowo kampanye mulai juni 
115,Neutral,@BANGSAygSUJUD @prabowo @alextham878 @Lembayung071 @Minietweets_ @mpoklela7 @Kimberley_2024 @P4P4B0W0_2024 @bengkeldodo @99propaganda @Chaves1305 @ajengcute16__ Jangan sampe salab dukung, bangsaygsujud prabowo alextham lembayung minietweets_ mpoklela kimberley_ p w _ bengkeldodo propaganda chaves ajengcute __ jangan sampe salab dukung
116,Negative,"Di gambar ini, Prabowo bukan sedang mengedipkan mata, tapi memang koordinasi kedua matanya tidak seimbang. Bibir kirinya pun bermasalah.  Ini adalah keniscayaan bagi mereka yg pernah menderita stroke.  Saya tidak ingin memiliki pemimpin tua yang tidak sehat. https://t.co/Uaeg08tM6X",di gambar ini prabowo bukan sedang mengedipkan mata tapi memang koordinasi kedua matanya tidak seimbang bibir kirinya pun bermasalah ini adalah keniscayaan bagi mereka yg pernah menderita stroke saya tidak ingin memiliki pemimpin tua yang tidak sehat 
117,Neutral,@Minietweets_ @XiaoMei_99 Goreng teruuussss...ü§Æü§Æ  Salam satu putaran utk P Prabowo Gibran., minietweets_ xiaomei_ goreng teruuussss salam satu putaran utk prabowo gibran 
118,Negative,@papa_loren Waduuh üòÖ begitu rusak adab di negeri ini  Sehingga merusak tatanan pemerintahan negara, papa_loren waduuh begitu rusak adab di negeri ini sehingga merusak tatanan pemerintahan negara
119,Positive,"Besok ada berita AMIN dukung capres Prabowo : gemoy banget cik""""",besok ada berita amin dukung capres prabowo gemoy banget cik 
120,Neutral,@KompasTV Pak @prabowo kalo gak mau saling sanggah udah baca berita aja atau yg lebih baik menjadi khotib jum‚Äôat @Gerindra, kompastv pak prabowo kalo gak mau saling sanggah udah baca berita aja atau yg lebih baik menjadi khotib jum at gerindra
121,Neutral,Pilih Nomor 2 untuk   #PrabowoPresidenRI24-29  #GibranWakilPresidenRI24-29 #GerindraMenang #2 @prabowo @gerindra IndonesiaMaju https://t.co/4vP4BQZ8KG,pilih nomor untuk prabowopresidenri gibranwakilpresidenri gerindramenang prabowo gerindra indonesiamaju 
122,Negative,"@cryptgems1000x Banyak orang SONGONG bilang buat apa pilih Ganjar? All in Ganjar buat jadi ktua rt, nyadar gak yang mau lo pilih tu siapa klo selain Ganjar Mahfud yg berpengalaman, Prabowo jelas mengerikan tapi wakilnya kek gitu ga punya kredibilitas jg buat apa? Cuma buat makan gaji buta?""", cryptgems banyak orang songong bilang buat apa pilih ganjar all in ganjar buat jadi ktua rt nyadar gak yang mau lo pilih tu siapa klo selain ganjar mahfud yg berpengalaman prabowo jelas mengerikan tapi wakilnya kek gitu ga punya kredibilitas jg buat apa cuma buat makan gaji buta 
123,Neutral,@Projo_Pusat @prabowo @gibran_tweet @budimuni98 @handoko2411 @Gerindra Ngapain loe capek2 ngawal kan sudah ada Pak Lurah yang Kerja keras mengawal Bo Gir... üòúüòúüòú, projo_pusat prabowo gibran_tweet budimuni handoko gerindra ngapain loe capek ngawal kan sudah ada pak lurah yang kerja keras mengawal bo gir 
124,Neutral,@golkar_id @prabowo @gibran_tweet Woi slogan siapa Indonesia Emas wkwkwk, golkar_id prabowo gibran_tweet woi slogan siapa indonesia emas wkwkwk
125,Positive,@serenade0507 @hipohan @andre_rosiade @prabowo Usul bagus kok..., serenade hipohan andre_rosiade prabowo usul bagus kok 
126,Neutral,Pilih Nomor 2 untuk   #PrabowoPresidenRI24-29  #GibranWakilPresidenRI24-29 #GerindraMenang #2 @prabowo @gerindra IndonesiaMaju  https://t.co/JrXNSw4SAv,pilih nomor untuk prabowopresidenri gibranwakilpresidenri gerindramenang prabowo gerindra indonesiamaju 
127,Negative,@Chaves1305 Heh saudara baru lahir atau memang buta memannya JIS itu yang bikin si prabowo dan si gibran? üòáüòáüòáüòá, chaves heh saudara baru lahir atau memang buta memannya jis itu yang bikin si prabowo dan si gibran 
128,Neutral,@bumi_story @Dennysiregar7 @psi_id @prabowo @gibran_tweet @adearmando61 Kalau kamu setres jangan nonton film dewasa mending ibadah atau rekreasi, bumi_story dennysiregar psi_id prabowo gibran_tweet adearmando kalau kamu setres jangan nonton film dewasa mending ibadah atau rekreasi
129,Positive,@msaid_didu Betul  sekali dan saya bukan buzzer tapi pilihan saya  prabowo- gibran..... generasi muda yang akan mempunyai saluran bakat talenta menuju Indonesia emas ...., msaid_didu betul sekali dan saya bukan buzzer tapi pilihan saya prabowo gibran generasi muda yang akan mempunyai saluran bakat talenta menuju indonesia emas 
130,Neutral,Pilih Nomor 2 untuk   #PrabowoPresidenRI24-29  #GibranWakilPresidenRI24-29 #GerindraMenang #2 @prabowo @gerindra IndonesiaMaju  https://t.co/dYLWBJU5uz,pilih nomor untuk prabowopresidenri gibranwakilpresidenri gerindramenang prabowo gerindra indonesiamaju 
131,Negative,Gimana Pak @prabowo @gibran_tweet @psi_id dilaporkan apa dipecat... Kita pakai LOGIAKA @adearmando61 https://t.co/7KGfl60BZM,gimana pak prabowo gibran_tweet psi_id dilaporkan apa dipecat kita pakai logiaka adearmando 
132,Negative,@PartaiSocmed Justru...orang enggan pilih prabowo karna ada gibran.  orang bilang apa nggak ada orang lain selain keluarga jokowi di indonesia ini., partaisocmed justru orang enggan pilih prabowo karna ada gibran orang bilang apa nggak ada orang lain selain keluarga jokowi di indonesia ini 
133,Neutral,@yusuf_dumdum Karena Prabowo bukan Jokowi. GANJAR MAHFUD yang paling tepat melanjutkan Program2 Jokowi., yusuf_dumdum karena prabowo bukan jokowi ganjar mahfud yang paling tepat melanjutkan program jokowi 
134,Negative,"negara rugi 51 triliun karena prabowo, eh cawapresnya malah cocok jadi pelawak https://t.co/0s1Sh4NYvn",negara rugi triliun karena prabowo eh cawapresnya malah cocok jadi pelawak 
135,Neutral,@Gerindra Pilih prabowo program wadasnya auto dilanjutkan.. pinter.., gerindra pilih prabowo program wadasnya auto dilanjutkan pinter 
136,Negative,"negara rugi 51 triliun karena prabowo, eh cawapresnya malah cocok jadi pelawak https://t.co/K4AK2qSrCv",negara rugi triliun karena prabowo eh cawapresnya malah cocok jadi pelawak 
137,Negative,"@Melihat_Indo Blunder satu ke blunder lain, kubu Prabowo-Gibran kayaknya lagi tough time ya. Kebayang ga sih reaksi masyarakat kalo terus begini? Jadi mikir deh...", melihat_indo blunder satu ke blunder lain kubu prabowo gibran kayaknya lagi tough time ya kebayang ga sih reaksi masyarakat kalo terus begini jadi mikir deh 
138,Neutral,Pilih Nomor 2 untuk   #PrabowoPresidenRI24-29  #GibranWakilPresidenRI24-29 #GerindraMenang #2 @prabowo @gerindra IndonesiaMaju  https://t.co/VOIXpjNbuZ,pilih nomor untuk prabowopresidenri gibranwakilpresidenri gerindramenang prabowo gerindra indonesiamaju 
139,Negative,"negara rugi 51 triliun karena prabowo, eh cawapresnya malah cocok jadi pelawak https://t.co/tyLoLn5JOH",negara rugi triliun karena prabowo eh cawapresnya malah cocok jadi pelawak 
140,Positive,"@Melihat_Indo Kubu Prabowo-Gibran lagi on fire dengan blundernya. Dari KPU sampe Ade Armando, dan sekarang Gibran. Kalo begini terus, elektabilitasnya bisa jatuh bebas nih.", melihat_indo kubu prabowo gibran lagi on fire dengan blundernya dari kpu sampe ade armando dan sekarang gibran kalo begini terus elektabilitasnya bisa jatuh bebas nih 
141,Neutral,@Lopea13 @AnakKampoeng78 @HeriSan74 @bengkeldodo @aniesbaswedan @ganjarpranowo @bundacorla @Alie_Fahnoor @alfatih212426 @alextham878 @Alexemeru @aji_lembu @99propaganda @_NusantaraLand_ @FirdaSyeban @DarekaRendy @wiena_kinasih Tapi itu Kementan kan? Bukan Kemenhan? Pak Prabowo menhan atau Mentan?, lopea anakkampoeng herisan bengkeldodo aniesbaswedan ganjarpranowo bundacorla alie_fahnoor alfatih alextham alexemeru aji_lembu propaganda _nusantaraland_ firdasyeban darekarendy wiena_kinasih tapi itu kementan kan bukan kemenhan pak prabowo menhan atau mentan 
142,Negative,"@TeddGus Kok Masalah NYAWA ternyata receh buat tim prabowo  . . disamain salah ucap nama, jadi ingat cuma karena gagal atur perdagangan bahan obat  https://t.co/82yKHndbFJ", teddgus kok masalah nyawa ternyata receh buat tim prabowo disamain salah ucap nama jadi ingat cuma karena gagal atur perdagangan bahan obat 
143,Negative,"negara rugi 51 triliun karena prabowo, eh cawapresnya malah cocok jadi pelawak https://t.co/osaHr3V3Hz",negara rugi triliun karena prabowo eh cawapresnya malah cocok jadi pelawak 
144,Negative,"@Melihat_Indo Wah, kubu Prabowo-Gibran lagi bikin blunder, nih! Seminggu, banyak banget drama, debat dibatalkan, Ade Armando bikin geger, sampe Gibran nyaranin ibu hamil makan asam sulfat. Bikin geleng-geleng kepala, deh!", melihat_indo wah kubu prabowo gibran lagi bikin blunder nih seminggu banyak banget drama debat dibatalkan ade armando bikin geger sampe gibran nyaranin ibu hamil makan asam sulfat bikin geleng geleng kepala deh 
145,Negative,"negara rugi 51 triliun karena prabowo, eh cawapresnya malah cocok jadi pelawak https://t.co/YpsSxOG9Dd",negara rugi triliun karena prabowo eh cawapresnya malah cocok jadi pelawak 
146,Neutral,@XC1R3NG @prabowo @gibran_tweet Wkwkwk..  üëçüëç, xc ng prabowo gibran_tweet wkwkwk 
147,Negative,"@BANGSAygSUJUD @prabowo @alextham878 @Lembayung071 @Minietweets_ @mpoklela7 @Kimberley_2024 @P4P4B0W0_2024 @bengkeldodo @99propaganda @Chaves1305 @ajengcute16__ ngurus kebon singkong aja gagal, mau ngurus negara ü§£", bangsaygsujud prabowo alextham lembayung minietweets_ mpoklela kimberley_ p w _ bengkeldodo propaganda chaves ajengcute __ ngurus kebon singkong aja gagal mau ngurus negara 
148,Neutral,"@porosotLeos1 @Dennysiregar7 @psi_id @prabowo @gibran_tweet @ganjarpranowo Itulah mereka... Pingin njatuhin pak ganjar, eh malah dia yg kepleset. Dia nggk tahu kalo kraton jogja itu malati"" nggk bisa dibuat Main2...""", porosotleos dennysiregar psi_id prabowo gibran_tweet ganjarpranowo itulah mereka pingin njatuhin pak ganjar eh malah dia yg kepleset dia nggk tahu kalo kraton jogja itu malati nggk bisa dibuat main 
149,Neutral,Pilih Nomor 2 untuk   #PrabowoPresidenRI24-29  #GibranWakilPresidenRI24-29 #GerindraMenang #2 @prabowo @gerindra IndonesiaMaju  https://t.co/GB8L7qXWVt,pilih nomor untuk prabowopresidenri gibranwakilpresidenri gerindramenang prabowo gerindra indonesiamaju 
150,Negative,negara rugi 51 triliun karena prabowo https://t.co/dElU75rr0E,negara rugi triliun karena prabowo 
151,Neutral,@bengkeldodo @prabowo @genx36545403 @DediMulyadi71 @JordanMihaf @yosephrosario_ @Royan_02 @bentangnegeri @are_inismyname @florieliciouss @BANGSAygSUJUD @Bank_Joee_ Freeport yg harusnya milik papua dijual ama orang ini, bengkeldodo prabowo genx dedimulyadi jordanmihaf yosephrosario_ royan_ bentangnegeri are_inismyname florieliciouss bangsaygsujud bank_joee_ freeport yg harusnya milik papua dijual ama orang ini
152,Neutral,@VIVAcoid Viva jangan ngaco Kaesang gak nyebut Ade Armando, vivacoid viva jangan ngaco kaesang gak nyebut ade armando
153,Neutral,Sokin langsung ke KUNGKUNG88 banyak bonus setiap harinya bosku...  #kungkung88 #infogacor #reels #jakartahariini #pilpres #natal #jokowi #prabowo #GanjarMahfud #AniesMuhaimin2024 #PDIPerjuangan #slotgacor #aremania #slotgacor #buket #pilpres2024 #prabowogibran #worldcup https://t.co/nnU4mQN3ky,sokin langsung ke kungkung banyak bonus setiap harinya bosku kungkung infogacor reels jakartahariini pilpres natal jokowi prabowo ganjarmahfud aniesmuhaimin pdiperjuangan slotgacor aremania slotgacor buket pilpres prabowogibran worldcup 
154,Negative,"@BANGSAygSUJUD @99propaganda @alextham878 @Lembayung071 @Minietweets_ @mpoklela7 @Chaves1305 @bengkeldodo @P4P4B0W0_2024 @Kimberley_2024 Dulu saat lawannya jokowi, beliau dihina dina kan, skrg saat beliau dpt dukungan jokowi dg mndpt pendamping yaitu anaknya, kalian lgs mendukung prabowo 100%. Jd yg kalian dukung itu sebenarnya siapa? #seriusnanya", bangsaygsujud propaganda alextham lembayung minietweets_ mpoklela chaves bengkeldodo p w _ kimberley_ dulu saat lawannya jokowi beliau dihina dina kan skrg saat beliau dpt dukungan jokowi dg mndpt pendamping yaitu anaknya kalian lgs mendukung prabowo jd yg kalian dukung itu sebenarnya siapa seriusnanya
155,Neutral,"@BANGSAygSUJUD @prabowo @alextham878 @Lembayung071 @Minietweets_ @mpoklela7 @Kimberley_2024 @P4P4B0W0_2024 @bengkeldodo @99propaganda @Chaves1305 @ajengcute16__ cie cie... pake GusDUR egh... maksudnya gusDUR itu prabowo ikhlas ditinggal istrinya, bukan untuk jadi Presiden... hahahahhahaha", bangsaygsujud prabowo alextham lembayung minietweets_ mpoklela kimberley_ p w _ bengkeldodo propaganda chaves ajengcute __ cie cie pake gusdur egh maksudnya gusdur itu prabowo ikhlas ditinggal istrinya bukan untuk jadi presiden hahahahhahaha
156,Neutral,Pak @prabowo &amp  bro @gibran_tweet,pak prabowo amp bro gibran_tweet
157,Negative,"@genx36545403 @prabowo @gibran_tweet @jokowi @alextham878 @Alie_Fahnoor @AlmaghribiS @AndreasSolusi @are_inismyname @BANGSAygSUJUD @Bank_Joee_ @bengkeldodo @Chaves1305 @florieliciouss Kenapa anak muda pilih Wowo sayur blimbing krna anak muda nya tolol dan buta informasi juga bisa di bayar, itu lah alasan yg pasti", genx prabowo gibran_tweet jokowi alextham alie_fahnoor almaghribis andreassolusi are_inismyname bangsaygsujud bank_joee_ bengkeldodo chaves florieliciouss kenapa anak muda pilih wowo sayur blimbing krna anak muda nya tolol dan buta informasi juga bisa di bayar itu lah alasan yg pasti
158,Negative,"@ab_adikumara @neohistoria_id emang gak butuh kok ,blok  siapa yang minta suara lu?kalo g suka g usah di pilih cuihh", ab_adikumara neohistoria_id emang gak butuh kok blok siapa yang minta suara lu kalo suka usah di pilih cuihh
159,Neutral,@Nightingaler02 @Anak__Ogi @gibran_tweet @prabowo @ganjarpranowo Emang punya ??, nightingaler anak__ogi gibran_tweet prabowo ganjarpranowo emang punya 
160,Neutral,@golkar_id @prabowo @gibran_tweet Bersama AMIN Indonesia AMAN, golkar_id prabowo gibran_tweet bersama amin indonesia aman
161,Neutral,@Gerindra Paslon Prabowo - Gibran pasangan yang sudah berpengalaman, gerindra paslon prabowo gibran pasangan yang sudah berpengalaman
162,Negative,"@berinjani @siregarferro___ @Dennysiregar7 @psi_id @prabowo @gibran_tweet Bisa2 berkurang, semoga sih dibubarkan saja, partai yg ud kehilangan idealisme dan integritas, padahal masih muda muda gitu, dikira bs bawa perubahan ternyata.. Penjilat kebanyakan", berinjani siregarferro___ dennysiregar psi_id prabowo gibran_tweet bisa berkurang semoga sih dibubarkan saja partai yg ud kehilangan idealisme dan integritas padahal masih muda muda gitu dikira bs bawa perubahan ternyata penjilat kebanyakan
163,Neutral,"@TeddGus @prabowo @gibran_tweet Bangun dulu, ente kebanyakan halu bang", teddgus prabowo gibran_tweet bangun dulu ente kebanyakan halu bang
164,Neutral,@HanyaKulitinta @aniesbaswedan @prabowo @ganjarpranowo Kalo ada nominasi Awards 5tahunan pasti pak @ganjarpranowo yang menang üòÇüòÇüòÇ, hanyakulitinta aniesbaswedan prabowo ganjarpranowo kalo ada nominasi awards tahunan pasti pak ganjarpranowo yang menang 
165,Neutral,@islah_bahrawi Prabowo yang dulu BEDA dengan Prabowo sekarang, islah_bahrawi prabowo yang dulu beda dengan prabowo sekarang
166,Neutral,Pendukung prabowo udah balik kesetelan pabrik. üòÅ,pendukung prabowo udah balik kesetelan pabrik 
167,Negative,"üòé‚úåÔ∏è  Buat bocil soyoy, yg bilang Paslon 02 cuma baliho doang yg besar tapi gagasannya kecil, dasar bocah asbun loe üëä  Udah jelas @prabowo @gibran_tweet punya gagasan, syarat untuk Indonesia maju dari sisi pertahanan dan ekonomi.  KAU KOREK TELINGA MU DALAM2 GIELBRAN !!  .  ‚úåüòõ https://t.co/1d5XrwyoL3", buat bocil soyoy yg bilang paslon cuma baliho doang yg besar tapi gagasannya kecil dasar bocah asbun loe udah jelas prabowo gibran_tweet punya gagasan syarat untuk indonesia maju dari sisi pertahanan dan ekonomi kau korek telinga mu dalam gielbran 
168,Neutral,@BANGSAygSUJUD @prabowo @alextham878 @Lembayung071 @Minietweets_ @mpoklela7 @Kimberley_2024 @P4P4B0W0_2024 @bengkeldodo @99propaganda @Chaves1305 @ajengcute16__ tenang no 1 kami full dukungmu, bangsaygsujud prabowo alextham lembayung minietweets_ mpoklela kimberley_ p w _ bengkeldodo propaganda chaves ajengcute __ tenang no kami full dukungmu
169,Neutral,@BANGSAygSUJUD @prabowo @alextham878 @Lembayung071 @Minietweets_ @mpoklela7 @Kimberley_2024 @P4P4B0W0_2024 @bengkeldodo @99propaganda @Chaves1305 @ajengcute16__ Semangat AMIN, bangsaygsujud prabowo alextham lembayung minietweets_ mpoklela kimberley_ p w _ bengkeldodo propaganda chaves ajengcute __ semangat amin
170,Neutral,@golkar_id @prabowo @gibran_tweet Sudah pasti AMIN mennag, golkar_id prabowo gibran_tweet sudah pasti amin mennag
171,Negative,@prabowo tlng pak..rakyat sudah mempertanyakan....sy takut pemilih bapak akan banyam yg beralih jika vapak tidka tegas untuk menolak dan mengusit serta memulangkan rohingya https://t.co/9AYy1adPRk, prabowo tlng pak rakyat sudah mempertanyakan sy takut pemilih bapak akan banyam yg beralih jika vapak tidka tegas untuk menolak dan mengusit serta memulangkan rohingya 
172,Neutral,"Jadi calon terkuat dalam putaran pertama, Prabowo dan Gibran mengguncang politik! #PrabowoGibran1Putaran",jadi calon terkuat dalam putaran pertama prabowo dan gibran mengguncang politik prabowogibran putaran
173,Positive,"@tijabar Tenang pak Prabowo, saya sudah ada disini ngumpeet..", tijabar tenang pak prabowo saya sudah ada disini ngumpeet 
174,Positive,Sebagai negara berdemokrasi kita wajib tanggung jawab besar dalam penentuan pilihan Capres Cawapres yang sebentar lagi digelar pesta rakyat. Sesuai dengan arah dan tujuan  Prabowo Gibran mengusung konsep pemilu damai   Gibran Terus Maju #Gibran2024 #GibranMendengar | Rohingnya https://t.co/rj3gD26Znz,sebagai negara berdemokrasi kita wajib tanggung jawab besar dalam penentuan pilihan capres cawapres yang sebentar lagi digelar pesta rakyat sesuai dengan arah dan tujuan prabowo gibran mengusung konsep pemilu damai gibran terus maju gibran gibranmendengar rohingnya 
175,Neutral,Kemenangan kubu Prabowo dan Gibran tak terbantahkan! #PrabowoGibran1Putaran,kemenangan kubu prabowo dan gibran tak terbantahkan prabowogibran putaran
176,Negative,"@genx36545403 @prabowo hilang sudah patriotismenya, gagal di foodestate lalunmendukung oligarki dan dinasti penguasa", genx prabowo hilang sudah patriotismenya gagal di foodestate lalunmendukung oligarki dan dinasti penguasa
177,Neutral,Babak pertama pertarungan politik antara Prabowo dan Gibran akan menjadi momen yang menentukan! Siapa yang berhasil meraih kemenangan? Saksikan! #PrabowoGibran1Putaran,babak pertama pertarungan politik antara prabowo dan gibran akan menjadi momen yang menentukan siapa yang berhasil meraih kemenangan saksikan prabowogibran putaran
178,Negative,@99propaganda @prabowo Kalo gak mau jadi fitnah jangan diumumkan dong. Tangan kanan memberi tangan kiri gak boleh tahu. Lagipula itu namanya riya‚Äô., propaganda prabowo kalo gak mau jadi fitnah jangan diumumkan dong tangan kanan memberi tangan kiri gak boleh tahu lagipula itu namanya riya 
179,Negative,@HardinalEdi Memang apa yang sudah diberikan Prabowo secara tulus buat Bangsa ini ??! Coba critain, hardinaledi memang apa yang sudah diberikan prabowo secara tulus buat bangsa ini coba critain
180,Positive,Pertarungan penuh semangat antara Prabowo dan Gibran akan segera dimulai! Siapapakah yang akan keluar sebagai pemenang dalam babak pertama? Ayo kita dukung! #PrabowoGibran1Putaran,pertarungan penuh semangat antara prabowo dan gibran akan segera dimulai siapapakah yang akan keluar sebagai pemenang dalam babak pertama ayo kita dukung prabowogibran putaran
181,Negative,"@Paltiwest gak bisa dipungkiri sih ye kayaknye emang prabowo paling dimanja, beli pesawat bekas didiemin,nanem singkong stanting pasrah,minta  beli pesawat baru dikasih,minta ngutang ma tetangge dibiarin..ini yang disandre siape sih sebenarnyeüòÇüòÇüòÇüòÇ", paltiwest gak bisa dipungkiri sih ye kayaknye emang prabowo paling dimanja beli pesawat bekas didiemin nanem singkong stanting pasrah minta beli pesawat baru dikasih minta ngutang ma tetangge dibiarin ini yang disandre siape sih sebenarnye 
182,Neutral,@yuwantino12 @Dennysiregar7 @psi_id @prabowo @gibran_tweet @ganjarpranowo Tujuan akhirnya memang men-downgrade @ganjarpranowo, yuwantino dennysiregar psi_id prabowo gibran_tweet ganjarpranowo tujuan akhirnya memang men downgrade ganjarpranowo
183,Negative,"@03__nakula @tvOneNews CAPRES PRABOWO, CAWAPRES GELAR KERAK TELOR, NGAKUNYA PUNYA GELAR BACHELOR GIBRAN. BAPAK &amp  ANAK SAMA2X LICIK, APALAGI PARTAI PENDUNGKUNNYA SAMA, PICIK. KEOK NGGAK BAKAL MENANG.PASLON 2,3 KEOK  IKN WAJIB DISTOP PILKDA GUB DKI WAJIB ADA,KLU TIDAK KAESANG BOBI DISIAPKAN JADI WAGUB", __nakula tvonenews capres prabowo cawapres gelar kerak telor ngakunya punya gelar bachelor gibran bapak amp anak sama licik apalagi partai pendungkunnya sama picik keok nggak bakal menang paslon keok ikn wajib distop pilkda gub dki wajib ada klu tidak kaesang bobi disiapkan jadi wagub
184,Neutral,@MIrvanDarwin1 @prabowo @andre_rosiade aduh..anggota kader di banggain, mirvandarwin prabowo andre_rosiade aduh anggota kader di banggain
185,Neutral,@Chaves1305 @prabowo Bilang sama bapak aja langsung minta dilantik, chaves prabowo bilang sama bapak aja langsung minta dilantik
186,Neutral,@rikamulyasari16 @Aswad422 @geloraco @susipudjiastuti Bu Susi ke arah Prabowo kayaknya, rikamulyasari aswad geloraco susipudjiastuti bu susi ke arah prabowo kayaknya
187,Negative,Udah gosah malu2 dukung prabowo. Ngapain pakai tameng jokowi juga.  Pakai ngeles buzzer ganjar segala. Klean itu pilih capres apa pilih buzzer?   üòÅüòÅüòÅ,udah gosah malu dukung prabowo ngapain pakai tameng jokowi juga pakai ngeles buzzer ganjar segala klean itu pilih capres apa pilih buzzer 
188,Negative,@Melihat_Indo mngknya pak Prabowo jadi makin bunder kebanyakan blunder üòÅ bnyak ngelaknya, melihat_indo mngknya pak prabowo jadi makin bunder kebanyakan blunder bnyak ngelaknya
189,Positive,Siap-siap untuk perubahan besar di era Prabowo dan Gibran! #PrabowoGibran1Putaran,siap siap untuk perubahan besar di era prabowo dan gibran prabowogibran putaran
190,Neutral,"@Melihat_Indo Dalam konteks blunder yang terjadi, kubu Prabowo dan Gibran sepertinya menghadapi tantangan besar menjelang pemilihan.", melihat_indo dalam konteks blunder yang terjadi kubu prabowo dan gibran sepertinya menghadapi tantangan besar menjelang pemilihan 
191,Negative,"@msaid_didu @Yusrilihza_Mhd @AgusYudhoyono @ZUL_Hasan @airlangga_hrt @anismatta justru beban penderitaanmu yg akan bertambah 5 tahun lagi @msaid_didu , tapi saya doakan pak Prabowo lanjut 2 priode, supaya kamu menua sampai gigimu habis selalu dalam kebencian ü§£ü§£ü§£", msaid_didu yusrilihza_mhd agusyudhoyono zul_hasan airlangga_hrt anismatta justru beban penderitaanmu yg akan bertambah tahun lagi msaid_didu tapi saya doakan pak prabowo lanjut priode supaya kamu menua sampai gigimu habis selalu dalam kebencian 
192,Neutral,"@Melihat_Indo Blunder terkait pembatalan debat cawapres bisa memengaruhi elektabilitas Prabowo, menciptakan ketidakpastian di kalangan pemilih.", melihat_indo blunder terkait pembatalan debat cawapres bisa memengaruhi elektabilitas prabowo menciptakan ketidakpastian di kalangan pemilih 
193,Neutral,@Melihat_Indo Ancaman pengusiran PSI dari Jogja setelah komentar Ade Armando bisa merugikan kubu Prabowo dan Gibran di daerah tersebut., melihat_indo ancaman pengusiran psi dari jogja setelah komentar ade armando bisa merugikan kubu prabowo dan gibran di daerah tersebut 
194,Neutral,@BANGSAygSUJUD @prabowo @alextham878 @Lembayung071 @Minietweets_ @mpoklela7 @Kimberley_2024 @P4P4B0W0_2024 @bengkeldodo @99propaganda @Chaves1305 @ajengcute16__ Itu pada kenal gak sama kyainya?, bangsaygsujud prabowo alextham lembayung minietweets_ mpoklela kimberley_ p w _ bengkeldodo propaganda chaves ajengcute __ itu pada kenal gak sama kyainya 
195,Neutral,"@Melihat_Indo Dengan blunder semakin meningkat, kredibilitas Prabowo dan Gibran bisa tergerus di mata masyarakat.", melihat_indo dengan blunder semakin meningkat kredibilitas prabowo dan gibran bisa tergerus di mata masyarakat 
196,Neutral,@Melihat_Indo Pernyataan kontroversial Ade Armando menggambarkan kurangnya koordinasi dan pemahaman internal di kubu Prabowo-Gibran., melihat_indo pernyataan kontroversial ade armando menggambarkan kurangnya koordinasi dan pemahaman internal di kubu prabowo gibran 
197,Negative,"@tanyarlfes pemerintah tolong lah tindakannya,ini keknya udah rame bgt tp blum ada pergerakan @jokowi @prabowo", tanyarlfes pemerintah tolong lah tindakannya ini keknya udah rame bgt tp blum ada pergerakan jokowi prabowo
198,Negative,"Prabowo itu status quo. Artinya IKN lanjut,  korban¬≤ kebiadaban rejim orson gabakal pernah dapet keadilan. Ganjar idem + partai terkorup. Anies ahlul hianat, pemaksa vaksin laknat.  Ga ada yg beres semua. Demikian, gw golput tanpa cela. Gosah lg nanya gw dukung siapa. Tabok nih!",prabowo itu status quo artinya ikn lanjut korban¬≤ kebiadaban rejim orson gabakal pernah dapet keadilan ganjar idem partai terkorup anies ahlul hianat pemaksa vaksin laknat ga ada yg beres semua demikian gw golput tanpa cela gosah lg nanya gw dukung siapa tabok nih 
199,Neutral,"@Melihat_Indo Dengan adanya blunder tersebut, elektabilitas Prabowo mungkin menghadapi tantangan serius dalam waktu dekat.", melihat_indo dengan adanya blunder tersebut elektabilitas prabowo mungkin menghadapi tantangan serius dalam waktu dekat 
200,Neutral,"@StefanAntonio__ Ini kesalahan fatal Prabowo, ketika berpasangan dengan anak Jokowi.", stefanantonio__ ini kesalahan fatal prabowo ketika berpasangan dengan anak jokowi 
201,Neutral,@bengkeldodo @prabowo @gibran_tweet @mimih6mei @bentangnegeri @mamamamabiasa @dennyindrayana @BANGHAYEK @DarekaRendy @gtobing2903 @andrewenas Entekno duwitmu..., bengkeldodo prabowo gibran_tweet mimih mei bentangnegeri mamamamabiasa dennyindrayana banghayek darekarendy gtobing andrewenas entekno duwitmu 
202,Neutral,@Melihat_Indo Kritikan keras terhadap Prabowo-Gibran menunjukkan bahwa masyarakat semakin mempertanyakan kualitas kepemimpinan mereka., melihat_indo kritikan keras terhadap prabowo gibran menunjukkan bahwa masyarakat semakin mempertanyakan kualitas kepemimpinan mereka 
203,Negative,"Jangan ada quick count.. Prabowo sudah 3 kali nyapres dgn kampanye dukungan banyak tetap kalah, Makanya Prabowo buat apa kampanye, debat, dll lebih joged genoy saja, toh dia akan menang..",jangan ada quick count prabowo sudah kali nyapres dgn kampanye dukungan banyak tetap kalah makanya prabowo buat apa kampanye debat dll lebih joged genoy saja toh dia akan menang 
204,Neutral,@golkar_id @prabowo @gibran_tweet Gak beres nih, golkar_id prabowo gibran_tweet gak beres nih
205,Neutral,"@HelgaAmin_ @hematdayaa @gituajaribut @KompasTV Pak  jonan diberhentikan karena menolak KCJB, Bu susi hanya 1 periode karena kebijakannya berani kepada asing &amp  melarang ekspor benih lobster. Ternyata setelah diganti Edhy Prabowo, terkena skandal,vonis 5thn sekarang dah bebas. Masalah utamanya bukan menteri, tapi Presiden", helgaamin_ hematdayaa gituajaribut kompastv pak jonan diberhentikan karena menolak kcjb bu susi hanya periode karena kebijakannya berani kepada asing amp melarang ekspor benih lobster ternyata setelah diganti edhy prabowo terkena skandal vonis thn sekarang dah bebas masalah utamanya bukan menteri tapi presiden
206,Neutral,@MIrvanDarwin1 @prabowo @andre_rosiade Ketawain ajah..siapa tai itu kadernya, mirvandarwin prabowo andre_rosiade ketawain ajah siapa tai itu kadernya
207,Neutral,"@AnDk2411 @Anak__Ogi @SastroMedia @gibran_tweet @prabowo Yg ngmng bkn FX Rudi, tp Tempo di pordcst BOCOR ALUS,.lu sndiri yg suka fitnah org,", andk anak__ogi sastromedia gibran_tweet prabowo yg ngmng bkn fx rudi tp tempo di pordcst bocor alus lu sndiri yg suka fitnah org 
208,Neutral,"@bengkeldodo @prabowo @gibran_tweet @mimih6mei @bentangnegeri @mamamamabiasa @dennyindrayana @BANGHAYEK @DarekaRendy @gtobing2903 @andrewenas disini byk timses dari caleg2 yg mendata no wa,ktp dan kk...kayanya bakalan cair nih buat beli rokok üòÇüòÇ", bengkeldodo prabowo gibran_tweet mimih mei bentangnegeri mamamamabiasa dennyindrayana banghayek darekarendy gtobing andrewenas disini byk timses dari caleg yg mendata no wa ktp dan kk kayanya bakalan cair nih buat beli rokok 
209,Negative,@99propaganda @prabowo lha gak bahaya ta? Kalo udah jadi apa gak bakal nyari cara untuk balik modal?, propaganda prabowo lha gak bahaya ta kalo udah jadi apa gak bakal nyari cara untuk balik modal 
210,Neutral,@AntonKu73047372 @RizkiR4madani Gue pilih ganjar-  Mahfud  tapi anak gue pilih Prabowo- Gibran Seandainya ada Mahfud - Gibran pasti kami satu pilihan ‚ò∫‚ò∫‚ò∫, antonku rizkir madani gue pilih ganjar mahfud tapi anak gue pilih prabowo gibran seandainya ada mahfud gibran pasti kami satu pilihan 
211,Neutral,@GunRomli Siap mendukung pak prabowo-gibran, gunromli siap mendukung pak prabowo gibran
212,Neutral,"@drReUtari08 @gibran_tweet @prabowo Sebaiknya Gibran juga cukup joget saja, jangan banyak bicara.  Kalau gak paham apa-apa cukup joget saja, daripada salah ucap.  SALAM gemoy..", drreutari gibran_tweet prabowo sebaiknya gibran juga cukup joget saja jangan banyak bicara kalau gak paham apa apa cukup joget saja daripada salah ucap salam gemoy 
213,Neutral,@Royan_02 @AgusYudhoyono @prabowo @JordanMihaf @Ndons_Back @bengkeldodo @yosephrosario_ @are_inismyname @BANGSAygSUJUD @Bank_Joee_ Qobul https://t.co/T0vwvNFhbz, royan_ agusyudhoyono prabowo jordanmihaf ndons_back bengkeldodo yosephrosario_ are_inismyname bangsaygsujud bank_joee_ qobul 
214,Negative,@genx36545403 @prabowo @gibran_tweet Program konyol cari pembenaran. Di jepang makan siang di sekolah biaya dr orang tua masing2 yg masak sekolah dan pasti gizinya terkontrol dg baik. Di sini? Yg masak pasti katering. 400T pasti byk muncul pengusaha katering dadakan. üòÇüòÇ, genx prabowo gibran_tweet program konyol cari pembenaran di jepang makan siang di sekolah biaya dr orang tua masing yg masak sekolah dan pasti gizinya terkontrol dg baik di sini yg masak pasti katering pasti byk muncul pengusaha katering dadakan 
215,Negative,@mamamamabiasa @prabowo Kenapa kyk gni terua jadi tolak ukur dia oantas jadi pemimpin ?  Aneh banget Beliau itu sudah jelas mngkhianati konstitusi Pendkung plitik dinasti juga  Ya kali rakyt mau dipimpin ama orng yg berkhianat pada negeri sndiri, mamamamabiasa prabowo kenapa kyk gni terua jadi tolak ukur dia oantas jadi pemimpin aneh banget beliau itu sudah jelas mngkhianati konstitusi pendkung plitik dinasti juga ya kali rakyt mau dipimpin ama orng yg berkhianat pada negeri sndiri
216,Neutral,@UmarSyadatHsb__ Ga ada yang doyan ama capres &amp  cawapres lu @Gerindra @prabowo @gibran_tweet, umarsyadathsb__ ga ada yang doyan ama capres amp cawapres lu gerindra prabowo gibran_tweet
217,Neutral,"@bengkeldodo @prabowo @gibran_tweet @mimih6mei @bentangnegeri @mamamamabiasa @dennyindrayana @BANGHAYEK @DarekaRendy @gtobing2903 @andrewenas Aku cek ke daerah pelosok2 Jateng terutama desa2 pinggiran kurang masif, Gibran harus turun, soalnya udah kama jadi pasarnya PDIP, PPP, GOLKAR sejak ORBA dan PKB sejak 1999. Kades2 Jateng rata2 org merah sejak 2014.", bengkeldodo prabowo gibran_tweet mimih mei bentangnegeri mamamamabiasa dennyindrayana banghayek darekarendy gtobing andrewenas aku cek ke daerah pelosok jateng terutama desa pinggiran kurang masif gibran harus turun soalnya udah kama jadi pasarnya pdip ppp golkar sejak orba dan pkb sejak kades jateng rata org merah sejak 
218,Neutral,"Jubir TKN Prabowo - Gibran, Makan Siang Gratis Solusi Ringankan Beban Keluarga Tak Mampu https://t.co/UopAzkSodS",jubir tkn prabowo gibran makan siang gratis solusi ringankan beban keluarga tak mampu 
219,Negative,"@ab_adikumara @kukeKIKEkoke @gara_nam Dia kira formiler = mutlak buzzer Prabowo kali ya, naive sekali pemikirannyaa ü§¶üèª‚Äç‚ôÇÔ∏è", ab_adikumara kukekikekoke gara_nam dia kira formiler mutlak buzzer prabowo kali ya naive sekali pemikirannyaa 
220,Neutral,@BANGSAygSUJUD @prabowo @alextham878 @Lembayung071 @Minietweets_ @mpoklela7 @Kimberley_2024 @P4P4B0W0_2024 @bengkeldodo @99propaganda @Chaves1305 @ajengcute16__ Yakin nih pada dukung itu?, bangsaygsujud prabowo alextham lembayung minietweets_ mpoklela kimberley_ p w _ bengkeldodo propaganda chaves ajengcute __ yakin nih pada dukung itu 
221,Neutral,Politik Belimbing Sayur Ala @PDI_Perjuangan dan @psi_id   1. Bikin dua kubu Ganjar-Mahfud dan Prabowo-Gibran untuk pecahkan suara di pilpres 2024 ala PILKADES  2. Drama cakar-cakaran supaya terlihat serius menjadi lawan politik dan sesungguhnya mereka kakak-adik,politik belimbing sayur ala pdi_perjuangan dan psi_id bikin dua kubu ganjar mahfud dan prabowo gibran untuk pecahkan suara di pilpres ala pilkades drama cakar cakaran supaya terlihat serius menjadi lawan politik dan sesungguhnya mereka kakak adik
222,Negative,@ethadisaputra @PKSejahtera Simpatisan itu bukannya pendukung ya ?? Kenapa ga sebut pendukung/simpatisan Prabowo Gibran aja ?? Kenapa hrs dibawa nama PKS?? Kan simpatisan dan pendukung tidak terikat toh .. bebaaaaaaas mau dukung siapa tp jangan donk pake atas nama partai lain ‚Ä¶ bego tak bertepi, ethadisaputra pksejahtera simpatisan itu bukannya pendukung ya kenapa ga sebut pendukung simpatisan prabowo gibran aja kenapa hrs dibawa nama pks kan simpatisan dan pendukung tidak terikat toh bebaaaaaaas mau dukung siapa tp jangan donk pake atas nama partai lain bego tak bertepi
223,Neutral,@Dennysiregar7 @prabowo @gibran_tweet LGBT???, dennysiregar prabowo gibran_tweet lgbt 
224,Neutral,@BANGSAygSUJUD @prabowo @alextham878 @Lembayung071 @Minietweets_ @mpoklela7 @Kimberley_2024 @P4P4B0W0_2024 @bengkeldodo @99propaganda @Chaves1305 @ajengcute16__ No 1 udah tepat, bangsaygsujud prabowo alextham lembayung minietweets_ mpoklela kimberley_ p w _ bengkeldodo propaganda chaves ajengcute __ no udah tepat
225,Negative,@tawajkt Hukum Gantung  DPR pengusulnya bersama  Jokowi &amp  Prabowo  Little Bastard bajingan tolol, tawajkt hukum gantung dpr pengusulnya bersama jokowi amp prabowo little bastard bajingan tolol
226,Negative,@tempodotco Breaking: Biden raises the possibility of World War 3 with ‚ÄúAmerican troops fighting Russian troops‚Äù.  Prabowo Subianto Letnan Jenderal TNI dan President Asli Indonesia.  Anies lebih lebih lebih KEBODOHAN......., tempodotco breaking biden raises the possibility of world war with american troops fighting russian troops prabowo subianto letnan jenderal tni dan president asli indonesia anies lebih lebih lebih kebodohan 
227,Positive,@Valhallaah @bakamla_ri @HumasBakamlaRI @_TNIAL_ @Puspen_TNI @prabowo @jokowi @ditjen_imigrasi @setkabgoid Pulangin ke myanmar.....enak aja, valhallaah bakamla_ri humasbakamlari _tnial_ puspen_tni prabowo jokowi ditjen_imigrasi setkabgoid pulangin ke myanmar enak aja
228,Neutral,@MIrvanDarwin1 @prabowo @andre_rosiade Duit lagi atau anggota kadernya, mirvandarwin prabowo andre_rosiade duit lagi atau anggota kadernya
229,Neutral,@golkar_id @prabowo @gibran_tweet Hati hati krna ada anaknya, golkar_id prabowo gibran_tweet hati hati krna ada anaknya
230,Neutral,@hendrsunndr @tempodotco Breaking: Biden raises the possibility of World War 3 with ‚ÄúAmerican troops fighting Russian troops‚Äù.      Prabowo Subianto Letnan Jenderal TNI dan President Asli Indonesia.      Anies lebih lebih lebih KEBODOHAN......., hendrsunndr tempodotco breaking biden raises the possibility of world war with american troops fighting russian troops prabowo subianto letnan jenderal tni dan president asli indonesia anies lebih lebih lebih kebodohan 
231,Negative,"@bumnbersatu @jokowi Gak bisalah diatas Soekarno. Jauhhh lah cinta tanah air nya, nasionalismenya di banding Jokowi. Kemenangan Prabowo adalah Kemenangan Kapitalis Amerika. Kapitalis Amerika mengeruk kekayaan Indonesia dari zaman Soeharto hingga SBY. https://t.co/dttDL7INdK", bumnbersatu jokowi gak bisalah diatas soekarno jauhhh lah cinta tanah air nya nasionalismenya di banding jokowi kemenangan prabowo adalah kemenangan kapitalis amerika kapitalis amerika mengeruk kekayaan indonesia dari zaman soeharto hingga sby 
232,Negative,@UmarSyadatHsb__ Ya mmg kelasnya partai kita payah2 ngasi calon pemimpin jg g jelas.. salahkan diri sendiri berkuasa jaman reformasi g bisa menghasilkan pemimpin lebih baik dri prabowo.. masa org tua gt bisa pnya elektabilitas tinggi? Ya artinya kegagalan ada di yg berkuasa.., umarsyadathsb__ ya mmg kelasnya partai kita payah ngasi calon pemimpin jg jelas salahkan diri sendiri berkuasa jaman reformasi bisa menghasilkan pemimpin lebih baik dri prabowo masa org tua gt bisa pnya elektabilitas tinggi ya artinya kegagalan ada di yg berkuasa 
233,Neutral,@tvOneNews Ini tamparan keras bagi @aniesbaswedan @prabowo @ganjarpranowo., tvonenews ini tamparan keras bagi aniesbaswedan prabowo ganjarpranowo 
234,Neutral,@bumnbersatu @prabowo Berarti bkn bakatnya jdi pejabat alias presiden dunk, bumnbersatu prabowo berarti bkn bakatnya jdi pejabat alias presiden dunk
235,Neutral,"Untuk menjatuhkam Prabowo lah, jangankan anggaran kemenhan, food estae aja di goreng",untuk menjatuhkam prabowo lah jangankan anggaran kemenhan food estae aja di goreng
236,Positive,Pada dasarnya masyarakat menginginkan pemilu yang damai tanpa ada saling menghakimi. Sejalan dengan komitmen Prabowo Gibran   #GibranMendengar #Gibran2024 Gibran Terus Maju | NPWP blackpink https://t.co/jLHGrkkEi0,pada dasarnya masyarakat menginginkan pemilu yang damai tanpa ada saling menghakimi sejalan dengan komitmen prabowo gibran gibranmendengar gibran gibran terus maju npwp blackpink 
237,Negative,"@PandamPamungkas @PartaiSocmed @prabowo Berkuasa itu kata yang egois banget loh, itu menunjukkan ia ingin dipandang lebih tinggi daripada sebelumnya dan semuanya harus tunduk terhadap sikap maupun bicara yang disampaikan.", pandampamungkas partaisocmed prabowo berkuasa itu kata yang egois banget loh itu menunjukkan ia ingin dipandang lebih tinggi daripada sebelumnya dan semuanya harus tunduk terhadap sikap maupun bicara yang disampaikan 
238,Neutral,@haidar_arash68 @Rasheed_inn @are_inismyname @bengkeldodo @prabowo @azissubekti @BANGSAygSUJUD @Ndons_Back @Zero8ok @Royan_02 @DarekaRendy @florieliciouss @Kimberley_2024 Capres remedial kelebihan nya, haidar_arash rasheed_inn are_inismyname bengkeldodo prabowo azissubekti bangsaygsujud ndons_back zero ok royan_ darekarendy florieliciouss kimberley_ capres remedial kelebihan nya
239,Negative,@Kimberley_2024 @genx36545403 @prabowo Iya udh banyak berbuat teemasuk menculik kan? https://t.co/0230CD5dcW, kimberley_ genx prabowo iya udh banyak berbuat teemasuk menculik kan 
240,Negative,@99propaganda @prabowo Kalau pas kampanye itu namanya apa ya wkwkkwkwk org cerdas juga tau kenapa gak dulu2 aja ngasih nya wkwkwkkwkwkwkkw, propaganda prabowo kalau pas kampanye itu namanya apa ya wkwkkwkwk org cerdas juga tau kenapa gak dulu aja ngasih nya wkwkwkkwkwkwkkw
241,Negative,@BangPino__ Breaking: Biden raises the possibility of World War 3 with ‚ÄúAmerican troops fighting Russian troops‚Äù      Prabowo Subianto Letnan Jenderal TNI dan President Asli Indonesia      Anies lebih lebih lebih KEBODOHAN......., bangpino__ breaking biden raises the possibility of world war with american troops fighting russian troops prabowo subianto letnan jenderal tni dan president asli indonesia anies lebih lebih lebih kebodohan 
242,Neutral,@democrazymedia Strategi NEO komunis gaya  baru jokowi &amp  Prabowo  Nepotisme PSI &amp  projo  Kenapa kita diam ??, democrazymedia strategi neo komunis gaya baru jokowi amp prabowo nepotisme psi amp projo kenapa kita diam 
243,Neutral,"@BANGSAygSUJUD @prabowo @alextham878 @Lembayung071 @Minietweets_ @mpoklela7 @Kimberley_2024 @P4P4B0W0_2024 @bengkeldodo @99propaganda @Chaves1305 @ajengcute16__ ga heran, focus pak anies aja deh", bangsaygsujud prabowo alextham lembayung minietweets_ mpoklela kimberley_ p w _ bengkeldodo propaganda chaves ajengcute __ ga heran focus pak anies aja deh
244,Neutral,"@icikiwir_08 @prabowo @jokowi @PDI_Perjuangan @gibran_tweet @99propaganda @adri_7i @zy_zy_its_me @mpoklela7 @tjitrosoenarjo1 @Minietweets_ @wiena_kinasih @BANGSAygSUJUD @iam_zelt @mas_veel Walikota terbaik? Mendapatkan dana proyek 2 Triliun bro, jangan bandingkan dengan daerah lain, coba saja IKN tiddak di bangun, tapi uangnya untuk membangun seperti SOLO, Apakah akan ada ketimpangan seperti ini?", icikiwir_ prabowo jokowi pdi_perjuangan gibran_tweet propaganda adri_ zy_zy_its_me mpoklela tjitrosoenarjo minietweets_ wiena_kinasih bangsaygsujud iam_zelt mas_veel walikota terbaik mendapatkan dana proyek triliun bro jangan bandingkan dengan daerah lain coba saja ikn tiddak di bangun tapi uangnya untuk membangun seperti solo apakah akan ada ketimpangan seperti ini 
245,Neutral,@BANGSAygSUJUD @prabowo @alextham878 @Lembayung071 @Minietweets_ @mpoklela7 @Kimberley_2024 @P4P4B0W0_2024 @bengkeldodo @99propaganda @Chaves1305 @ajengcute16__ NU dukung prabowo? whwah, bangsaygsujud prabowo alextham lembayung minietweets_ mpoklela kimberley_ p w _ bengkeldodo propaganda chaves ajengcute __ nu dukung prabowo whwah
246,Neutral,@Gerindra Prabowo - Gibran pasangan capres dan cawapres yang sudah berpengalaman, gerindra prabowo gibran pasangan capres dan cawapres yang sudah berpengalaman
247,Neutral,@golkar_id @prabowo @gibran_tweet Yang bener aja nih, golkar_id prabowo gibran_tweet yang bener aja nih
248,Neutral,"Melihat Elektabilitas Prabowo-Gibran Setelah Populernya Kata Gemoy"" - https://t.co/URXpgOqIFO - https://t.co/URXpgOqIFO https://t.co/nCOS8BKcBp #BersamaIndonesiaMaju #PrabowoGemoy #KodeKita08Gemoy""",melihat elektabilitas prabowo gibran setelah populernya kata gemoy https co ncos bkcbp bersamaindonesiamaju prabowogemoy kodekita gemoy 
249,Neutral,"Melihat Elektabilitas Prabowo-Gibran Setelah Populernya Kata Gemoy"" - https://t.co/dqIzzJc8GD - https://t.co/dqIzzJc8GD https://t.co/Vx2deXBwBg #BersamaIndonesiaMaju #PrabowoGemoy #KodeKita08Gemoy""",melihat elektabilitas prabowo gibran setelah populernya kata gemoy https co vx dexbwbg bersamaindonesiamaju prabowogemoy kodekita gemoy 
250,Neutral,"Melihat Elektabilitas Prabowo-Gibran Setelah Populernya Kata Gemoy"" - https://t.co/ohc6LSqdQ4 - https://t.co/ohc6LSqdQ4 https://t.co/wSDglwJn9T #BersamaIndonesiaMaju #PrabowoGemoy #KodeKita08Gemoy""",melihat elektabilitas prabowo gibran setelah populernya kata gemoy https co wsdglwjn bersamaindonesiamaju prabowogemoy kodekita gemoy 
251,Neutral,"Melihat Elektabilitas Prabowo-Gibran Setelah Populernya Kata Gemoy"" - https://t.co/TpNMIXRRlP - https://t.co/TpNMIXRRlP https://t.co/jGrr3iXAIr #BersamaIndonesiaMaju #PrabowoGemoy #KodeKita08Gemoy""",melihat elektabilitas prabowo gibran setelah populernya kata gemoy https co jgrr ixair bersamaindonesiamaju prabowogemoy kodekita gemoy 
252,Neutral,@Dennysiregar7 @psi_id @prabowo @gibran_tweet Kalau dipecat nanti dia mencalonkan jadi presiden 2029 dong ü§£ü§£, dennysiregar psi_id prabowo gibran_tweet kalau dipecat nanti dia mencalonkan jadi presiden dong 
253,Neutral,@drReUtari08 @gibran_tweet @prabowo Jogetin z https://t.co/c12VFOvUbO, drreutari gibran_tweet prabowo jogetin 
254,Negative,@DedynurPalakka @adearmando61 wkwkwkwkwkwwk.... sah2 saja anda menilai bos...  cukup tanyakan ajah kenapa dulu nyerang PRABOWO.. sekarang menjilatnya... . dan penjelasannya bisa anda tiru.... üòÇü§ü, dedynurpalakka adearmando wkwkwkwkwkwwk sah saja anda menilai bos cukup tanyakan ajah kenapa dulu nyerang prabowo sekarang menjilatnya dan penjelasannya bisa anda tiru 
255,Negative,@opposite6892 Pk Ustad sdh mema'afkan atas PengKhianatan Prabowo... Dan Sekarang Menjelaskan apa Makna AMIN... Hanya IBLISS yg Tdk Mau Meng AMIN kan Do'a-Do'a yg baik... hanya orang TerLaknat yg benci Ulama'..., opposite pk ustad sdh mema afkan atas pengkhianatan prabowo dan sekarang menjelaskan apa makna amin hanya ibliss yg tdk mau meng amin kan do do yg baik hanya orang terlaknat yg benci ulama 
256,Neutral,@ajengcute16__ Prabowo menang penguasa rangkap pengusaha akan marak. Jadilah pemilih yang cerdas, ajengcute __ prabowo menang penguasa rangkap pengusaha akan marak jadilah pemilih yang cerdas
257,Neutral,@Chaves1305 @HarnadiHidayat Kalau Prabowo kan jelas ya...üòÇ, chaves harnadihidayat kalau prabowo kan jelas ya 
258,Negative,"@kangdede78 Klo ini di suruh KAMPANYE, prabowo malu, jeblok elektabilitas nya. Istri tidak ada https://t.co/Szc9eS5hkW", kangdede klo ini di suruh kampanye prabowo malu jeblok elektabilitas nya istri tidak ada 
259,Neutral,@bengkeldodo @prabowo @genx36545403 @DediMulyadi71 @JordanMihaf @yosephrosario_ @Royan_02 @bentangnegeri @are_inismyname @florieliciouss @BANGSAygSUJUD @Bank_Joee_ Baca sejarahnya kurang jauh nanti kamu malah blunder sendiri kalau bahas orang tua Prabowo, bengkeldodo prabowo genx dedimulyadi jordanmihaf yosephrosario_ royan_ bentangnegeri are_inismyname florieliciouss bangsaygsujud bank_joee_ baca sejarahnya kurang jauh nanti kamu malah blunder sendiri kalau bahas orang tua prabowo
260,Neutral,@NewsFlash09 @PartaiSocmed @prabowo FlashNews juga bakal ngiler kok.. dengan pembayarannya. Apalagi penawaran itu blm tentu datang tiap hari... FlashNews mau?? üòÑ, newsflash partaisocmed prabowo flashnews juga bakal ngiler kok dengan pembayarannya apalagi penawaran itu blm tentu datang tiap hari flashnews mau 
261,Negative,@alextham878 Jilat terus tuh burit Prabowo alias lobang tai., alextham jilat terus tuh burit prabowo alias lobang tai 
262,Positive,@BANGSAygSUJUD @prabowo @alextham878 @Lembayung071 @Minietweets_ @mpoklela7 @Kimberley_2024 @P4P4B0W0_2024 @bengkeldodo @99propaganda @Chaves1305 @ajengcute16__ Yang penting AMIN menang, bangsaygsujud prabowo alextham lembayung minietweets_ mpoklela kimberley_ p w _ bengkeldodo propaganda chaves ajengcute __ yang penting amin menang
263,Neutral,@negativisme @catchmeupid Pak Presiden @jokowi  &amp  Pak Menhan @prabowo Tolong ambil sikap TEGAS mengenai pengungsi ROHINGYA. Jaga pertahanan laut Indonesia dgn berkordinasi AL RI @_TNIAL_  Jgn gampang masuk orang asing melalui laut Indonesia. Jgn sampai NANTI nya kedaulatan NKRI hilang seperti Palestina ‚úå, negativisme catchmeupid pak presiden jokowi amp pak menhan prabowo tolong ambil sikap tegas mengenai pengungsi rohingya jaga pertahanan laut indonesia dgn berkordinasi al ri _tnial_ jgn gampang masuk orang asing melalui laut indonesia jgn sampai nanti nya kedaulatan nkri hilang seperti palestina 
264,Neutral,@Dennysiregar7 @psi_id @prabowo @gibran_tweet Dulu sahabat sekarang jadi bangsa, dennysiregar psi_id prabowo gibran_tweet dulu sahabat sekarang jadi bangsa
265,Neutral,@golkar_id @prabowo @gibran_tweet Mau sampe kapan nih, golkar_id prabowo gibran_tweet mau sampe kapan nih
266,Neutral,"@mochamadarip @budimandjatmiko PDIP akan tetap leading secara partai di Bali karena masyarakatnya terhipnotis Megawati yg keturunan Soekarno. Tapi untuk President sangat besar Prabowo yg menang, karena tingkah polah arogan team PDIP sudah nyebelin mendeskriditkan pk Jokowi", mochamadarip budimandjatmiko pdip akan tetap leading secara partai di bali karena masyarakatnya terhipnotis megawati yg keturunan soekarno tapi untuk president sangat besar prabowo yg menang karena tingkah polah arogan team pdip sudah nyebelin mendeskriditkan pk jokowi
267,Neutral,Pernyataan pejabat akan selalu dikritik #Prabowo https://t.co/krNBl8LCi9,pernyataan pejabat akan selalu dikritik prabowo 
268,Negative,"@PutraKur080808 @aniesbaswedan @prabowo Takdir itu klo sdh terjadi, pemilu aja belum dilaksanakan, hitung kpu kok bisa bilang takdir presiden prabowo asal ngomong ente", putrakur aniesbaswedan prabowo takdir itu klo sdh terjadi pemilu aja belum dilaksanakan hitung kpu kok bisa bilang takdir presiden prabowo asal ngomong ente
269,Neutral,@BANGSAygSUJUD @prabowo @alextham878 @Lembayung071 @Minietweets_ @mpoklela7 @Kimberley_2024 @P4P4B0W0_2024 @bengkeldodo @99propaganda @Chaves1305 @ajengcute16__ okey doa yg terbaik untuk no 1üôèü•∞, bangsaygsujud prabowo alextham lembayung minietweets_ mpoklela kimberley_ p w _ bengkeldodo propaganda chaves ajengcute __ okey doa yg terbaik untuk no 
270,Neutral,@kimihsanmuri @tvOneNews @ridwankamil @gibran_tweet Ada kemungkinan ga @gibran_tweet  diganti gitu ama @ridwankamil ? Klo ada gw langsung pilih prabowo nih, kimihsanmuri tvonenews ridwankamil gibran_tweet ada kemungkinan ga gibran_tweet diganti gitu ama ridwankamil klo ada gw langsung pilih prabowo nih
271,Negative,@NenkMonica @ridwankamil Saya tidak suka pemimpin yang sering berbohong dan PHP makanya  2014 dan 2019 tidak memilih Jokowi. Memang klo sudah tidak suka tidak dapat berpikir yang lainnya. Sudahlah pilihan kang Emil mendukung Prabowo Gibran. Saya mah menyukai pemimpin yang amanah. #AMINAjaDulu, nenkmonica ridwankamil saya tidak suka pemimpin yang sering berbohong dan php makanya dan tidak memilih jokowi memang klo sudah tidak suka tidak dapat berpikir yang lainnya sudahlah pilihan kang emil mendukung prabowo gibran saya mah menyukai pemimpin yang amanah aminajadulu
272,Negative,"@AMaulanaZ2019 @cak_ipho @ferrykoto Dan lebih bnyak lagi yg asal bukan jokowi dan Prabowo karena sama2 penghianat ,satu mengkhianati pendukung yg sudah mati2 membela 2019,yg satu lagi mengkhianati partai yg sudah membesarkan itu", amaulanaz cak_ipho ferrykoto dan lebih bnyak lagi yg asal bukan jokowi dan prabowo karena sama penghianat satu mengkhianati pendukung yg sudah mati membela yg satu lagi mengkhianati partai yg sudah membesarkan itu
273,Positive,"Tenang pak @Prabowo tenang sj pak, @gibran_tweet sudah mangkir lagi demi utk mempeemalukan   @Fahrihamzah  @andre_rosiade  @fadlizon  @AgusYudhoyono dan  @ajengcute16__ üòÅüòÅ https://t.co/q5DDjQmtJu",tenang pak prabowo tenang sj pak gibran_tweet sudah mangkir lagi demi utk mempeemalukan fahrihamzah andre_rosiade fadlizon agusyudhoyono dan ajengcute __ 
274,Neutral,@TeddGus Tetap Prabowo Gibran ü´∞, teddgus tetap prabowo gibran 
275,Negative,@TheArieAir Biar @gibran_tweet yang diskusi sama PRABOWO aja... kelihatan tolol dan dungu nya, thearieair biar gibran_tweet yang diskusi sama prabowo aja kelihatan tolol dan dungu nya
276,Negative,"Belum jadi presiden aja Prabowo bisa lebih berkuasa daripada seorang presiden, bayangin kalau dia punya kekuasaan absolut..  https://t.co/nLf7rE9Uzw",belum jadi presiden aja prabowo bisa lebih berkuasa daripada seorang presiden bayangin kalau dia punya kekuasaan absolut 
277,Negative,"@sandyalfia96694 Kata pak prabowo terima saja itu uang dari rakyat, tp jangan dipilih... Kata pak prabowo loh ya", sandyalfia kata pak prabowo terima saja itu uang dari rakyat tp jangan dipilih kata pak prabowo loh ya
278,Negative,@are_inismyname @Ndons_Back @bengkeldodo @BANGSAygSUJUD @Zero8ok @Royan_02 @Kimberley_2024 @florieliciouss @AndreasSolusi @prabowo @Alie_Fahnoor pengkhianat wowo tegas ngarong apbn utk bisnis pribadi nya ntu betul. ikn jelas dr dampak lingkungan sj merusak efek negatif luar biadab dan fakta sdh banjir  blm hal lain.hal spt ni sj wowo ngga ngerti krn dia cm pengkhianat apalg fans spt lo lbh tolol dr keledaiüòÑ, are_inismyname ndons_back bengkeldodo bangsaygsujud zero ok royan_ kimberley_ florieliciouss andreassolusi prabowo alie_fahnoor pengkhianat wowo tegas ngarong apbn utk bisnis pribadi nya ntu betul ikn jelas dr dampak lingkungan sj merusak efek negatif luar biadab dan fakta sdh banjir blm hal lain hal spt ni sj wowo ngga ngerti krn dia cm pengkhianat apalg fans spt lo lbh tolol dr keledai 
279,Neutral,@BANGSAygSUJUD @prabowo @alextham878 @Lembayung071 @Minietweets_ @mpoklela7 @Kimberley_2024 @P4P4B0W0_2024 @bengkeldodo @99propaganda @Chaves1305 @ajengcute16__ No 1 udah paling paten, bangsaygsujud prabowo alextham lembayung minietweets_ mpoklela kimberley_ p w _ bengkeldodo propaganda chaves ajengcute __ no udah paling paten
280,Neutral,"Pilpres 2024: Catat Janji Prabowo-Gibran Sepekan Kampanye, Hilirisasi sampai Dana Abadi Pondok Pesantren - Pemilu https://t.co/413JHhbXAd https://t.co/B3s9FcAwHK #BersamaIndonesiaMaju #PrabowoGemoy #KodeKita08Gemoy",pilpres catat janji prabowo gibran sepekan kampanye hilirisasi sampai dana abadi pondok pesantren pemilu https co s fcawhk bersamaindonesiamaju prabowogemoy kodekita gemoy
281,Neutral,"Pilpres 2024: Catat Janji Prabowo-Gibran Sepekan Kampanye, Hilirisasi sampai Dana Abadi Pondok Pesantren - Pemilu https://t.co/PzsnVSwIAz https://t.co/DfOqSEt7DP #BersamaIndonesiaMaju #PrabowoGemoy #KodeKita08Gemoy",pilpres catat janji prabowo gibran sepekan kampanye hilirisasi sampai dana abadi pondok pesantren pemilu https co dfoqset dp bersamaindonesiamaju prabowogemoy kodekita gemoy
282,Neutral,"Pilpres 2024: Catat Janji Prabowo-Gibran Sepekan Kampanye, Hilirisasi sampai Dana Abadi Pondok Pesantren - Pemilu https://t.co/lRoNzHsNes https://t.co/Cju1ofiWB1 #BersamaIndonesiaMaju #PrabowoGemoy #KodeKita08Gemoy",pilpres catat janji prabowo gibran sepekan kampanye hilirisasi sampai dana abadi pondok pesantren pemilu https co cju ofiwb bersamaindonesiamaju prabowogemoy kodekita gemoy
283,Neutral,"Pilpres 2024: Catat Janji Prabowo-Gibran Sepekan Kampanye, Hilirisasi sampai Dana Abadi Pondok Pesantren - Pemilu https://t.co/u3af4KaYvq https://t.co/yU0CKtirgS #BersamaIndonesiaMaju #PrabowoGemoy #KodeKita08Gemoy",pilpres catat janji prabowo gibran sepekan kampanye hilirisasi sampai dana abadi pondok pesantren pemilu https co yu cktirgs bersamaindonesiamaju prabowogemoy kodekita gemoy
284,Neutral,@Valhallaah @bakamla_ri @HumasBakamlaRI @_TNIAL_ @Puspen_TNI @prabowo @jokowi @ditjen_imigrasi @setkabgoid Klo narkoba bisa tauu aja. Herman. Wkwkwkwk... Kena sogok gk?, valhallaah bakamla_ri humasbakamlari _tnial_ puspen_tni prabowo jokowi ditjen_imigrasi setkabgoid klo narkoba bisa tauu aja herman wkwkwkwk kena sogok gk 
285,Neutral,@golkar_id @prabowo @gibran_tweet Semangat AMIN gass, golkar_id prabowo gibran_tweet semangat amin gass
286,Neutral,@Dennysiregar7 @psi_id @prabowo @gibran_tweet mungkin bibirnya perlu di buat bengkak lagi, dennysiregar psi_id prabowo gibran_tweet mungkin bibirnya perlu di buat bengkak lagi
287,Neutral,@Dennysiregar7 @psi_id @prabowo @gibran_tweet Punya dosa apa kesultanan ampe takut di demo? :v, dennysiregar psi_id prabowo gibran_tweet punya dosa apa kesultanan ampe takut di demo 
288,Neutral,@TeddGus @prabowo Terlatih atw sudah perna beda tetd..ü§£ü§£ Titip asam sulfat 1ü§£ü§£, teddgus prabowo terlatih atw sudah perna beda tetd titip asam sulfat 
289,Neutral,"@KompasTV Usulin aja sekalian gak sah ada debat, ganti presentasi atau pidato cawapres. Namanya debat kok gak boleh saling sanggah. Kalian pada lawak @prabowo @gibran_tweet", kompastv usulin aja sekalian gak sah ada debat ganti presentasi atau pidato cawapres namanya debat kok gak boleh saling sanggah kalian pada lawak prabowo gibran_tweet
290,Neutral,@WellyFraisa @alisyarief @prabowo @ridwankamil @AgusYudhoyono @erickthohir @gibran_tweet Analisa yg objektif &amp  cerdas, wellyfraisa alisyarief prabowo ridwankamil agusyudhoyono erickthohir gibran_tweet analisa yg objektif amp cerdas
291,Neutral,"@liputan6dotcom Dulu juga gitu banyak yg deklarasi prabowo sandi, gerbong kosong, yg pilih yg ikut deklarasi doank, ya nggak om", liputan dotcom dulu juga gitu banyak yg deklarasi prabowo sandi gerbong kosong yg pilih yg ikut deklarasi doank ya nggak om
292,Negative,@Chaves1305 @prabowo Skenario jahat? Hsl keputusan MK yg curang? Kita hrs bgmn? YNTKTS., chaves prabowo skenario jahat hsl keputusan mk yg curang kita hrs bgmn yntkts 
293,Neutral,Pak @prabowo mas @Dahnilanzar dapat salam dari mas @Uki23,pak prabowo mas dahnilanzar dapat salam dari mas uki 
294,Neutral,@BANGSAygSUJUD @prabowo @alextham878 @Lembayung071 @Minietweets_ @mpoklela7 @Kimberley_2024 @P4P4B0W0_2024 @bengkeldodo @99propaganda @Chaves1305 @ajengcute16__ tim pak anies yok bismillah ngikut, bangsaygsujud prabowo alextham lembayung minietweets_ mpoklela kimberley_ p w _ bengkeldodo propaganda chaves ajengcute __ tim pak anies yok bismillah ngikut
295,Negative,"@mamamamabiasa @prabowo Sebaiknya Gibran juga cukup goyang-goyang saja seperti beliau, agar gak blunder terus.", mamamamabiasa prabowo sebaiknya gibran juga cukup goyang goyang saja seperti beliau agar gak blunder terus 
296,Negative,@genx36545403 @prabowo @gibran_tweet @jokowi @alextham878 @Alie_Fahnoor @AlmaghribiS @AndreasSolusi @are_inismyname @BANGSAygSUJUD @Bank_Joee_ @bengkeldodo @Chaves1305 @florieliciouss nggedabrus ü§£ü§£ü§£  membuka lapangan kerja kalau sungguh sungguh maka 10 tahun itu sudah waktu yg cukup lama untuk bisa mewujudkan..    kemarin marin kemana kok gak ngasih makan dan susu  gratis ? kok nunggu pemilu ? Sayang duitnya ya ?..  jigong aja yg diberikan  ü§£ü§£ü§£, genx prabowo gibran_tweet jokowi alextham alie_fahnoor almaghribis andreassolusi are_inismyname bangsaygsujud bank_joee_ bengkeldodo chaves florieliciouss nggedabrus membuka lapangan kerja kalau sungguh sungguh maka tahun itu sudah waktu yg cukup lama untuk bisa mewujudkan kemarin marin kemana kok gak ngasih makan dan susu gratis kok nunggu pemilu sayang duitnya ya jigong aja yg diberikan 
297,Neutral,"Jangankan santri, kita juga masyarakat biasa akan mendukung Prabowo-Gibran #BondowosoBersholawat",jangankan santri kita juga masyarakat biasa akan mendukung prabowo gibran bondowosobersholawat
298,Neutral,"@Dennysiregar7 @psi_id @prabowo @gibran_tweet Di Jogja emang kepemimpinannya bersifat teokrasi, baik Kasultanan maupun Pakuaklaman, turun temurun, hal disebabkan keistimewaannya, , jika yg  lainnya ikut, tp kan tetep lewat pemilu, rakyat yg milih, yg ribut dinasti soal pemilu itu hanya alasannya, takut kalah", dennysiregar psi_id prabowo gibran_tweet di jogja emang kepemimpinannya bersifat teokrasi baik kasultanan maupun pakuaklaman turun temurun hal disebabkan keistimewaannya jika yg lainnya ikut tp kan tetep lewat pemilu rakyat yg milih yg ribut dinasti soal pemilu itu hanya alasannya takut kalah
299,Negative,"@Chaves1305 Pertanyaan yang TOLOL ini sih, karena klo dibalik tanya Berapa Triliun kah kerugian negara dan atau daerah yg timbul selama Anies &amp  Ganjar berkuasa.   Klo Prabowo @prabowo kan jelas telah merugikan negara senilai lebih kurang  6 Triliun !   https://t.co/qHKMO1sMsQ", chaves pertanyaan yang tolol ini sih karena klo dibalik tanya berapa triliun kah kerugian negara dan atau daerah yg timbul selama anies amp ganjar berkuasa klo prabowo prabowo kan jelas telah merugikan negara senilai lebih kurang triliun 
300,Neutral,@BANGSAygSUJUD @prabowo @alextham878 @Lembayung071 @Minietweets_ @mpoklela7 @Kimberley_2024 @P4P4B0W0_2024 @bengkeldodo @99propaganda @Chaves1305 @ajengcute16__ ikhlas tapi keras eh, bangsaygsujud prabowo alextham lembayung minietweets_ mpoklela kimberley_ p w _ bengkeldodo propaganda chaves ajengcute __ ikhlas tapi keras eh
301,Negative,"@are_inismyname @Ndons_Back @bengkeldodo @BANGSAygSUJUD @Zero8ok @Royan_02 @Kimberley_2024 @florieliciouss @AndreasSolusi @prabowo @Alie_Fahnoor Ibarat si arin yg kismin,punya duit jg terbatas,isi rumah cicilan,anak2 jg msh bnyak yg stanting,eh tiba2 neng arin ini punya ide cerdas mo bikin rumah baru agar kemiskinan di rumah lama bisa teratasi,dmn isi rmhnya cm buat arin n suami saja,mewah,anak2 mah biar kelaperan", are_inismyname ndons_back bengkeldodo bangsaygsujud zero ok royan_ kimberley_ florieliciouss andreassolusi prabowo alie_fahnoor ibarat si arin yg kismin punya duit jg terbatas isi rumah cicilan anak jg msh bnyak yg stanting eh tiba neng arin ini punya ide cerdas mo bikin rumah baru agar kemiskinan di rumah lama bisa teratasi dmn isi rmhnya cm buat arin suami saja mewah anak mah biar kelaperan
302,Negative,"@Mooncalfdung yg tdinya beban Myanmar mlh mau ikutan dibebanin, awalnya terdapar knp skrng jdi bergelombang gelombang datang dimari ini sih terencana mmng bener negara hrsnya curiga dan terpenting membela rakyat Indonesia itu sendiri @mohmahfudmd @prabowo", mooncalfdung yg tdinya beban myanmar mlh mau ikutan dibebanin awalnya terdapar knp skrng jdi bergelombang gelombang datang dimari ini sih terencana mmng bener negara hrsnya curiga dan terpenting membela rakyat indonesia itu sendiri mohmahfudmd prabowo
303,Neutral,@marlina_idha Breaking: Biden raises the possibility of World War 3 with ‚ÄúAmerican troops fighting Russian troops‚Äù    Prabowo Subianto Letnan Jenderal TNI dan President Asli Indonesia    Anies lebih lebih lebih KEBODOHAN......., marlina_idha breaking biden raises the possibility of world war with american troops fighting russian troops prabowo subianto letnan jenderal tni dan president asli indonesia anies lebih lebih lebih kebodohan 
